value_hex	code_offset_hex	size	thumb	name	demangled
0x002914b1	0x002914b0	32	1	_ZN11AppDelegateC1Ev	AppDelegate::AppDelegate()
0x0028e9b1	0x0028e9b0	10	1	_ZN16PlayerActionData4initEv	PlayerActionData::init()
0x0028e9f1	0x0028e9f0	52	1	_ZN16PlayerActionDataD2Ev	PlayerActionData::~PlayerActionData()
0x0028e9f1	0x0028e9f0	52	1	_ZN16PlayerActionDataD1Ev	PlayerActionData::~PlayerActionData()
0x0028ea25	0x0028ea24	18	1	_ZN16PlayerActionDataD0Ev	PlayerActionData::~PlayerActionData()
0x0028ea71	0x0028ea70	44	1	_ZN19PlayerActionDataSetD2Ev	PlayerActionDataSet::~PlayerActionDataSet()
0x0028ea71	0x0028ea70	44	1	_ZN19PlayerActionDataSetD1Ev	PlayerActionDataSet::~PlayerActionDataSet()
0x0028ea9d	0x0028ea9c	18	1	_ZN19PlayerActionDataSetD0Ev	PlayerActionDataSet::~PlayerActionDataSet()
0x0028eaaf	0x0028eaae	18	1	_ZN19PlayerActionDataSet4initEv	PlayerActionDataSet::init()
0x0028eb01	0x0028eb00	56	1	_ZN17ActionDataManagerD2Ev	ActionDataManager::~ActionDataManager()
0x0028eb01	0x0028eb00	56	1	_ZN17ActionDataManagerD1Ev	ActionDataManager::~ActionDataManager()
0x0028eb39	0x0028eb38	18	1	_ZN17ActionDataManagerD0Ev	ActionDataManager::~ActionDataManager()
0x0028eb5f	0x0028eb5e	36	1	_ZN17ActionDataManager4initEv	ActionDataManager::init()
0x0028eb85	0x0028eb84	28	1	_ZN16PlayerActionDataC2Ev	PlayerActionData::PlayerActionData()
0x0028eb85	0x0028eb84	28	1	_ZN16PlayerActionDataC1Ev	PlayerActionData::PlayerActionData()
0x0028eba1	0x0028eba0	50	1	_ZN16PlayerActionData6createEv	PlayerActionData::create()
0x0028ebd3	0x0028ebd2	32	1	_ZN16PlayerActionData13SetActionDataEP13MeActionsData	PlayerActionData::SetActionData(MeActionsData*)
0x0028ec45	0x0028ec44	28	1	_ZN19PlayerActionDataSetC2Ev	PlayerActionDataSet::PlayerActionDataSet()
0x0028ec45	0x0028ec44	28	1	_ZN19PlayerActionDataSetC1Ev	PlayerActionDataSet::PlayerActionDataSet()
0x0028ec61	0x0028ec60	50	1	_ZN19PlayerActionDataSet6createEv	PlayerActionDataSet::create()
0x0028ec93	0x0028ec92	62	1	_ZN19PlayerActionDataSet19getActionDataWithIDEPKc	PlayerActionDataSet::getActionDataWithID(char const*)
0x0028ecd1	0x0028ecd0	30	1	_ZN19PlayerActionDataSet19SetPlayerActionDataEP16PlayerActionDataSs	PlayerActionDataSet::SetPlayerActionData(PlayerActionData*, std::basic_string<char, std::char_traits<char>, std::allocator<char> >)
0x0028ed69	0x0028ed68	28	1	_ZN17ActionDataManagerC2Ev	ActionDataManager::ActionDataManager()
0x0028ed69	0x0028ed68	28	1	_ZN17ActionDataManagerC1Ev	ActionDataManager::ActionDataManager()
0x0028ed85	0x0028ed84	48	1	_ZN17ActionDataManager23sharedActionDataManagerEv	ActionDataManager::sharedActionDataManager()
0x0028edb5	0x0028edb4	28	1	_ZN17ActionDataManager3endEv	ActionDataManager::end()
0x0028edd1	0x0028edd0	58	1	_ZN17ActionDataManager19getActionDataWithIDEii	ActionDataManager::getActionDataWithID(int, int)
0x0028ee0b	0x0028ee0a	42	1	_ZN17ActionDataManager22getActionDataSetWithIDEi	ActionDataManager::getActionDataSetWithID(int)
0x0028ee35	0x0028ee34	112	1	_ZN17ActionDataManager19addActionDataWithIDEiiPKc	ActionDataManager::addActionDataWithID(int, int, char const*)
0x0028f3f9	0x0028f3f8	56	1	_ZN16EnemyActionsData14createWithFileEPN7cocos2d8CCStringE	EnemyActionsData::createWithFile(cocos2d::CCString*)
0x0028eea5	0x0028eea4	46	1	_ZN17ActionDataManager25getPlayerActionDataWithIDEiPKc	ActionDataManager::getPlayerActionDataWithID(int, char const*)
0x0028eed3	0x0028eed2	34	1	_ZN17ActionDataManager28gePlayertActionDataSetWithIDEi	ActionDataManager::gePlayertActionDataSetWithID(int)
0x0028eef5	0x0028eef4	572	1	_ZN17ActionDataManager28LoadPlayerActionDataWithFileEiPKc	ActionDataManager::LoadPlayerActionDataWithFile(int, char const*)
0x0028f131	0x0028f130	592	1	_ZN16EnemyActionsDataD2Ev	EnemyActionsData::~EnemyActionsData()
0x0028f131	0x0028f130	592	1	_ZN16EnemyActionsDataD1Ev	EnemyActionsData::~EnemyActionsData()
0x0028f381	0x0028f380	18	1	_ZN16EnemyActionsDataD0Ev	EnemyActionsData::~EnemyActionsData()
0x0028f395	0x0028f394	100	1	_ZN16EnemyActionsDataC2Ev	EnemyActionsData::EnemyActionsData()
0x0028f395	0x0028f394	100	1	_ZN16EnemyActionsDataC1Ev	EnemyActionsData::EnemyActionsData()
0x0028f431	0x0028f430	4108	1	_ZN16EnemyActionsData11loadWBGFileEPN7cocos2d8CCStringE	EnemyActionsData::loadWBGFile(cocos2d::CCString*)
0x0029043d	0x0029043c	278	1	_ZN16EnemyActionsData12initWithFileEPN7cocos2d8CCStringE	EnemyActionsData::initWithFile(cocos2d::CCString*)
0x00290553	0x00290552	8	1	_ZN16EnemyActionsData16armorArrayWithIDEj	EnemyActionsData::armorArrayWithID(unsigned int)
0x0029055b	0x0029055a	34	1	_ZN16EnemyActionsData13armorFDWithIDEjj	EnemyActionsData::armorFDWithID(unsigned int, unsigned int)
0x0029057d	0x0029057c	8	1	_ZN16EnemyActionsData17effectArrayWithIDEj	EnemyActionsData::effectArrayWithID(unsigned int)
0x00290585	0x00290584	34	1	_ZN16EnemyActionsData16effectFramesDataEjj	EnemyActionsData::effectFramesData(unsigned int, unsigned int)
0x002913e1	0x002913e0	44	1	_ZN11AppDelegateD2Ev	AppDelegate::~AppDelegate()
0x0033f7d5	0x0033f7d4	48	1	_ZN9GameScene15sharedGameSceneEv	GameScene::sharedGameScene()
0x0033f559	0x0033f558	28	1	_ZN9GameScene3endEv	GameScene::end()
0x002913e1	0x002913e0	44	1	_ZN11AppDelegateD1Ev	AppDelegate::~AppDelegate()
0x0029140d	0x0029140c	18	1	_ZN11AppDelegateD0Ev	AppDelegate::~AppDelegate()
0x0029141f	0x0029141e	76	1	_ZN11AppDelegate29applicationDidEnterBackgroundEv	AppDelegate::applicationDidEnterBackground()
0x0029146b	0x0029146a	68	1	_ZN11AppDelegate30applicationWillEnterForegroundEv	AppDelegate::applicationWillEnterForeground()
0x002914b1	0x002914b0	32	1	_ZN11AppDelegateC2Ev	AppDelegate::AppDelegate()
0x002915d9	0x002915d8	1256	1	_ZN11AppDelegate16AddAllSearchPathEv	AppDelegate::AddAllSearchPath()
0x00291ac1	0x00291ac0	80	1	_ZN11AppDelegate29applicationDidFinishLaunchingEv	AppDelegate::applicationDidFinishLaunching()
0x003254a9	0x003254a8	72	1	_ZN15MEPlayerManager21sharedMEPlayerManagerEP9GameScenej	MEPlayerManager::sharedMEPlayerManager(GameScene*, unsigned int)
0x003215d7	0x003215d6	22	1	_ZN8MEPlayer35getCPEndlessProgressRecordDataCountEj	MEPlayer::getCPEndlessProgressRecordDataCount(unsigned int)
0x0029d091	0x0029d090	48	1	_ZN11DataManager17sharedDataManagerEv	DataManager::sharedDataManager()
0x002a0305	0x002a0304	56	1	_ZN11DataManager23GetGameMercenaryMapListEv	DataManager::GetGameMercenaryMapList()
0x002a039d	0x002a039c	70	1	_ZN11DataManager21getMercenaryCurWeaponEv	DataManager::getMercenaryCurWeapon()
0x00317a51	0x00317a50	22	1	_ZN8MEPlayer20getPlayerMissionDataEv	MEPlayer::getPlayerMissionData()
0x00402659	0x00402658	44	1	_ZN18MissionDataManager33getRandomMissionDataWithMissionIdEi	MissionDataManager::getRandomMissionDataWithMissionId(int)
0x00341531	0x00341530	10	1	_ZN9GameScene13getSceneLayerEj	GameScene::getSceneLayer(unsigned int)
0x00349fe9	0x00349fe8	46	1	_ZN19GameSceneClassLayer18removeEffectObjectEP21GameSceneEffectObject	GameSceneClassLayer::removeEffectObject(GameSceneEffectObject*)
0x0034b9fb	0x0034b9fa	76	1	_ZN21GameSceneEffectObject16createWithObjectEPN7cocos2d8CCSpriteENS0_7CCPointEi	GameSceneEffectObject::createWithObject(cocos2d::CCSprite*, cocos2d::CCPoint, int)
0x00349fc9	0x00349fc8	32	1	_ZN19GameSceneClassLayer15addEffectObjectEP21GameSceneEffectObject	GameSceneClassLayer::addEffectObject(GameSceneEffectObject*)
0x003d95e1	0x003d95e0	48	1	_ZN11GameSceneUI17sharedGameSceneUIEv	GameSceneUI::sharedGameSceneUI()
0x003d7a89	0x003d7a88	44	1	_ZN11GameSceneUI17handleStateChangeEb	GameSceneUI::handleStateChange(bool)
0x00347c99	0x00347c98	1492	1	_ZN9GameScene16OnTouchTriggerIDEi	GameScene::OnTouchTriggerID(int)
0x0029d059	0x0029d058	56	1	_ZN11DataManagerC2Ev	DataManager::DataManager()
0x0029d059	0x0029d058	56	1	_ZN11DataManagerC1Ev	DataManager::DataManager()
0x0029d0c1	0x0029d0c0	46	1	_ZN11DataManager18deleteHeroSaveDataEj	DataManager::deleteHeroSaveData(unsigned int)
0x0033d169	0x0033d168	56	1	_ZN12GameSaveData18createGameSaveDataEj	GameSaveData::createGameSaveData(unsigned int)
0x0033b105	0x0033b104	488	1	_ZN12GameSaveData9deletableEj	GameSaveData::deletable(unsigned int)
0x0029d0ef	0x0029d0ee	32	1	_ZN11DataManager13saveDataCountEv	DataManager::saveDataCount()
0x0033b091	0x0033b090	116	1	_ZN12GameSaveData9isCreatedEj	GameSaveData::isCreated(unsigned int)
0x0029d111	0x0029d110	164	1	_ZN11DataManager16loadGameSaveDataEj	DataManager::loadGameSaveData(unsigned int)
0x0033e691	0x0033e690	140	1	_ZN12GameSaveData4readESsj	GameSaveData::read(std::basic_string<char, std::char_traits<char>, std::allocator<char> >, unsigned int)
0x0029d1b5	0x0029d1b4	4	1	_ZN11DataManager18loadOLGameSaveDataEj	DataManager::loadOLGameSaveData(unsigned int)
0x0029d1b9	0x0029d1b8	56	1	_ZN11DataManager15getBackpackDataEv	DataManager::getBackpackData()
0x0029d2a1	0x0029d2a0	54	1	_ZN11DataManager21getmercenaryEquipDataEv	DataManager::getmercenaryEquipData()
0x0029d2d7	0x0029d2d6	56	1	_ZN11DataManager22getmercenaryweaponDataEv	DataManager::getmercenaryweaponData()
0x0029d30f	0x0029d30e	46	1	_ZN11DataManager21getwarehouseColorDataEv	DataManager::getwarehouseColorData()
0x0029d33d	0x0029d33c	130	1	_ZN11DataManager23getwarehouseColorDataOLEv	DataManager::getwarehouseColorDataOL()
0x0029d3bf	0x0029d3be	46	1	_ZN11DataManager23getwarehouseClothesDataEv	DataManager::getwarehouseClothesData()
0x0029d3ed	0x0029d3ec	130	1	_ZN11DataManager25getwarehouseClothesDataOLEv	DataManager::getwarehouseClothesDataOL()
0x0029d46f	0x0029d46e	46	1	_ZN11DataManager17getwarehouseSDataEv	DataManager::getwarehouseSData()
0x0029d49d	0x0029d49c	46	1	_ZN11DataManager17getwarehouseTDataEv	DataManager::getwarehouseTData()
0x0029d4cb	0x0029d4ca	46	1	_ZN11DataManager17getwarehouseMDataEv	DataManager::getwarehouseMData()
0x0029d4f9	0x0029d4f8	46	1	_ZN11DataManager17getwarehouseWDataEv	DataManager::getwarehouseWData()
0x0029d527	0x0029d526	52	1	_ZN11DataManager12getEquipDataEv	DataManager::getEquipData()
0x0029d55b	0x0029d55a	50	1	_ZN11DataManager17getForgeArrayDataEv	DataManager::getForgeArrayData()
0x0029d58d	0x0029d58c	18	1	_ZN11DataManager33getLansequenetExcutingMissionDataEv	DataManager::getLansequenetExcutingMissionData()
0x0029d59f	0x0029d59e	124	1	_ZN11DataManager21getProgressRecordDataEv	DataManager::getProgressRecordData()
0x0033abe5	0x0033abe4	8	1	_ZN12GameSaveData23getCPProRecordDataCountEv	GameSaveData::getCPProRecordDataCount()
0x0033ab6d	0x0033ab6c	36	1	_ZN12GameSaveData23getCPProRecordWithIndexEj	GameSaveData::getCPProRecordWithIndex(unsigned int)
0x0033ac85	0x0033ac84	10	1	_ZN12GameSaveData30getCPEndlessProRecordDataCountEj	GameSaveData::getCPEndlessProRecordDataCount(unsigned int)
0x0033ac1b	0x0033ac1a	38	1	_ZN12GameSaveData30getCPEndlessProRecordWithIndexEjj	GameSaveData::getCPEndlessProRecordWithIndex(unsigned int, unsigned int)
0x0029d705	0x0029d704	110	1	_ZN11DataManager14getArmbandDataEv	DataManager::getArmbandData()
0x00317ddf	0x00317dde	92	1	_ZN8MEPlayer15setCurEquipBZIDEj	MEPlayer::setCurEquipBZID(unsigned int)
0x0029d773	0x0029d772	84	1	_ZN11DataManager16getArmbandDataOLEv	DataManager::getArmbandDataOL()
0x0029d7c7	0x0029d7c6	50	1	_ZN11DataManager19getWeaponsAtlasDataEv	DataManager::getWeaponsAtlasData()
0x0033adbf	0x0033adbe	8	1	_ZN12GameSaveData20getWeaponsAtlasCountEv	GameSaveData::getWeaponsAtlasCount()
0x0033adc7	0x0033adc6	36	1	_ZN12GameSaveData22getWeaponsAtlasAtIndexEj	GameSaveData::getWeaponsAtlasAtIndex(unsigned int)
0x0029d7f9	0x0029d7f8	160	1	_ZN11DataManager21getWeaponsAtlasDataOLEv	DataManager::getWeaponsAtlasDataOL()
0x0029d899	0x0029d898	70	1	_ZN11DataManager20getRandomMissionDataEv	DataManager::getRandomMissionData()
0x0033ad1d	0x0033ad1c	8	1	_ZN12GameSaveData21getRandomMissionCountEv	GameSaveData::getRandomMissionCount()
0x0033acf9	0x0033acf8	36	1	_ZN12GameSaveData26getRandomMissDataWithIndexEj	GameSaveData::getRandomMissDataWithIndex(unsigned int)
0x00402755	0x00402754	128	1	_ZN18MissionDataManager17playerAddStrengthEv	MissionDataManager::playerAddStrength()
0x0029d8df	0x0029d8de	50	1	_ZN11DataManager25getEquipRandomMissionDataEv	DataManager::getEquipRandomMissionData()
0x0033adb7	0x0033adb6	8	1	_ZN12GameSaveData26getEquipRandomMissionCountEv	GameSaveData::getEquipRandomMissionCount()
0x0033ad67	0x0033ad66	36	1	_ZN12GameSaveData30getEquipRandomMissionDataAtIdxEj	GameSaveData::getEquipRandomMissionDataAtIdx(unsigned int)
0x0029da0d	0x0029da0c	28	1	_ZN11DataManager30getCPEndlessProRecordDataCountEv	DataManager::getCPEndlessProRecordDataCount()
0x0029da29	0x0029da28	10	1	_ZN11DataManager38getCPEndlessProRecordDataCountWithTypeEi	DataManager::getCPEndlessProRecordDataCountWithType(int)
0x0029da33	0x0029da32	50	1	_ZN11DataManager25getCPEndlessPassDataCountEv	DataManager::getCPEndlessPassDataCount()
0x0029da65	0x0029da64	14	1	_ZN11DataManager10upToIcouldEv	DataManager::upToIcould()
0x0033b2ed	0x0033b2ec	992	1	_ZN12GameSaveData10upToIcouldEv	GameSaveData::upToIcould()
0x0029da73	0x0029da72	46	1	_ZN11DataManager17getwarehouseEDataEv	DataManager::getwarehouseEData()
0x0029daa1	0x0029daa0	72	1	_ZN11DataManager16getWarehouseDataEv	DataManager::getWarehouseData()
0x0029dae9	0x0029dae8	4	1	_ZN11DataManager19getwarehouseEDataOLEv	DataManager::getwarehouseEDataOL()
0x0029daed	0x0029daec	52	1	_ZN11DataManager18getEquipedItemDataEv	DataManager::getEquipedItemData()
0x0029db21	0x0029db20	4	1	_ZN11DataManager18getEquipItemDataOLEv	DataManager::getEquipItemDataOL()
0x0029db41	0x0029db40	120	1	_ZN12MEPlayerDataC2Ev	MEPlayerData::MEPlayerData()
0x0029db41	0x0029db40	120	1	_ZN12MEPlayerDataC1Ev	MEPlayerData::MEPlayerData()
0x0029dbb9	0x0029dbb8	58	1	_ZN12MEPlayerData6createEv	MEPlayerData::create()
0x0029dbf3	0x0029dbf2	198	1	_ZN11DataManager4initEv	DataManager::init()
0x0029ddd5	0x0029ddd4	144	1	_ZN11DataManager22getRandomMissionDataOLEv	DataManager::getRandomMissionDataOL()
0x0029de65	0x0029de64	116	1	_ZN11DataManager27getEquipRandomMissionDataOLEv	DataManager::getEquipRandomMissionDataOL()
0x0029e031	0x0029e030	496	1	_ZN11DataManager19getNoBasePlayerDataEv	DataManager::getNoBasePlayerData()
0x0029e221	0x0029e220	160	1	_ZN11DataManager10createDataEj	DataManager::createData(unsigned int)
0x00324eb3	0x00324eb2	266	1	_ZN8MEPlayer14loadPlayerDataEv	MEPlayer::loadPlayerData()
0x0029e475	0x0029e474	78	1	_ZN11DataManager15getTalentDataOLEv	DataManager::getTalentDataOL()
0x0032215f	0x0032215e	22	1	_ZN8MEPlayer19getPlayerTalentDataEv	MEPlayer::getPlayerTalentData()
0x00322115	0x00322114	34	1	_ZN8MEPlayer18updateTalentEffectEv	MEPlayer::updateTalentEffect()
0x0029e711	0x0029e710	1272	1	_ZN11DataManager19getwarehouseSDataOLEv	DataManager::getwarehouseSDataOL()
0x0029ecad	0x0029ecac	224	1	_ZN11DataManager22getCheckpointRecordsOLEv	DataManager::getCheckpointRecordsOL()
0x0029f2c5	0x0029f2c4	112	1	_ZN11DataManager23getmercenaryEquipDataOLEv	DataManager::getmercenaryEquipDataOL()
0x0029f335	0x0029f334	116	1	_ZN11DataManager24getmercenaryweaponDataOLEv	DataManager::getmercenaryweaponDataOL()
0x0029f3a9	0x0029f3a8	116	1	_ZN11DataManager19getwarehouseWDataOLEv	DataManager::getwarehouseWDataOL()
0x0029f41d	0x0029f41c	140	1	_ZN11DataManager14getEquipDataOLEv	DataManager::getEquipDataOL()
0x0029f611	0x0029f610	800	1	_ZN11DataManager23getProgressRecordDataOLEv	DataManager::getProgressRecordDataOL()
0x0029fa5d	0x0029fa5c	152	1	_ZN11DataManager17getBackpackDataOLEv	DataManager::getBackpackDataOL()
0x0029faf5	0x0029faf4	128	1	_ZN11DataManager19getwarehouseTDataOLEv	DataManager::getwarehouseTDataOL()
0x0029fb75	0x0029fb74	128	1	_ZN11DataManager19getwarehouseMDataOLEv	DataManager::getwarehouseMDataOL()
0x0029fd19	0x0029fd18	1516	1	_ZN11DataManager18uploadGameSaveDataEv	DataManager::uploadGameSaveData()
0x0033a85d	0x0033a85c	138	1	_ZN12GameSaveData20removeAllWareObjectsEv	GameSaveData::removeAllWareObjects()
0x0033ab17	0x0033ab16	34	1	_ZN12GameSaveData25addCurEquipArmorAndWeaponEP15WeaponsItemData	GameSaveData::addCurEquipArmorAndWeapon(WeaponsItemData*)
0x0033ae01	0x0033ae00	34	1	_ZN12GameSaveData23addCurEquipPartToPlayerEP13EquipItemData	GameSaveData::addCurEquipPartToPlayer(EquipItemData*)
0x0033a903	0x0033a902	28	1	_ZN12GameSaveData8addEquipEP13EquipItemData	GameSaveData::addEquip(EquipItemData*)
0x0033a8e7	0x0033a8e6	28	1	_ZN12GameSaveData9addWeaponEP15WeaponsItemData	GameSaveData::addWeapon(WeaponsItemData*)
0x0033a91f	0x0033a91e	140	1	_ZN12GameSaveData6addMatEP12ItemTypeData	GameSaveData::addMat(ItemTypeData*)
0x0033a9ab	0x0033a9aa	80	1	_ZN12GameSaveData7addItemEP12ItemTypeData	GameSaveData::addItem(ItemTypeData*)
0x0033a9fb	0x0033a9fa	66	1	_ZN12GameSaveData8addStoneEP11wp_Property	GameSaveData::addStone(wp_Property*)
0x0033aa3d	0x0033aa3c	68	1	_ZN12GameSaveData10addClothesEP11ClothesData	GameSaveData::addClothes(ClothesData*)
0x0033aa81	0x0033aa80	92	1	_ZN12GameSaveData12addColorItemEP9ColorData	GameSaveData::addColorItem(ColorData*)
0x0033aadd	0x0033aadc	34	1	_ZN12GameSaveData11addBackpackEP12ItemTypeData	GameSaveData::addBackpack(ItemTypeData*)
0x0033aaff	0x0033aafe	24	1	_ZN12GameSaveData16addForgetWeaponsEP16ForgeWeaponsData	GameSaveData::addForgetWeapons(ForgeWeaponsData*)
0x0033ab91	0x0033ab90	84	1	_ZN12GameSaveData14addCPProRecordEP20CPProgressRecordData	GameSaveData::addCPProRecord(CPProgressRecordData*)
0x0033ac41	0x0033ac40	68	1	_ZN12GameSaveData21addCPEndlessProRecordEjP20CPProgressRecordData	GameSaveData::addCPEndlessProRecord(unsigned int, CPProgressRecordData*)
0x0033ac8f	0x0033ac8e	8	1	_ZN12GameSaveData15addWeaponsAtlasEP12WeaponsAtlas	GameSaveData::addWeaponsAtlas(WeaponsAtlas*)
0x0033ac97	0x0033ac96	54	1	_ZN12GameSaveData16addRandomMissionEP17RondomMissionData	GameSaveData::addRandomMission(RondomMissionData*)
0x0033ad25	0x0033ad24	66	1	_ZN12GameSaveData21addEquipRandomMissionEP17RondomMissionData	GameSaveData::addEquipRandomMission(RondomMissionData*)
0x0033adeb	0x0033adea	22	1	_ZN12GameSaveData15CopyWeaponArryaEP15WeaponsItemDataPN7cocos2d7CCArrayE	GameSaveData::CopyWeaponArrya(WeaponsItemData*, cocos2d::CCArray*)
0x00317a2d	0x00317a2c	6	1	_ZN8MEPlayer9playerIdxEv	MEPlayer::playerIdx()
0x0033be39	0x0033be38	4680	1	_ZN12GameSaveData5writeEj	GameSaveData::write(unsigned int)
0x002a033d	0x002a033c	96	1	_ZN11DataManager19GetGameMercenaryMapEv	DataManager::GetGameMercenaryMap()
0x002a03e5	0x002a03e4	144	1	_ZN11DataManager35getLansequenetExcutingMissionDataOLEv	DataManager::getLansequenetExcutingMissionDataOL()
0x002a0475	0x002a0474	268	1	_ZN11DataManagerD2Ev	DataManager::~DataManager()
0x002a0475	0x002a0474	268	1	_ZN11DataManagerD1Ev	DataManager::~DataManager()
0x002a0581	0x002a0580	18	1	_ZN11DataManagerD0Ev	DataManager::~DataManager()
0x002a0595	0x002a0594	328	1	_ZN11DataManager21getNoBasePlayerDataOLEv	DataManager::getNoBasePlayerDataOL()
0x002a06dd	0x002a06dc	332	1	_ZN11DataManager19getForgeArrayDataOLEv	DataManager::getForgeArrayDataOL()
0x002a0829	0x002a0828	138	1	_ZN11DataManager12createOLDataEji	DataManager::createOLData(unsigned int, int)
0x0031c39b	0x0031c39a	82	1	_ZN8MEPlayer22BackpackAddToWarehouseEj	MEPlayer::BackpackAddToWarehouse(unsigned int)
0x00323779	0x00323778	374	1	_ZN8MEPlayer15equipNewWeaponsEj	MEPlayer::equipNewWeapons(unsigned int)
0x00317c47	0x00317c46	20	1	_ZN8MEPlayer17addMatToWarehouseEP12ItemTypeData	MEPlayer::addMatToWarehouse(ItemTypeData*)
0x00322a59	0x00322a58	20	1	_ZN8MEPlayer14equipNewEquipsEP13EquipItemData	MEPlayer::equipNewEquips(EquipItemData*)
0x00323075	0x00323074	52	1	_ZN8MEPlayer16removeSelfEquipsE10EQUIP_PART	MEPlayer::removeSelfEquips(EQUIP_PART)
0x0031c2db	0x0031c2da	192	1	_ZN8MEPlayer22WarehouseAddToBackpackEjjjPN7cocos2d8CCStringE	MEPlayer::WarehouseAddToBackpack(unsigned int, unsigned int, unsigned int, cocos2d::CCString*)
0x003241df	0x003241de	58	1	_ZN8MEPlayer16plusMinusDiamondEi	MEPlayer::plusMinusDiamond(int)
0x00324129	0x00324128	88	1	_ZN8MEPlayer13plusMinusGoldEi	MEPlayer::plusMinusGold(int)
0x00346ea5	0x00346ea4	380	1	_ZN9GameScene12GameGotoTownEv	GameScene::GameGotoTown()
0x003d732b	0x003d732a	140	1	_ZN11GameSceneUI12hideOverPaneEv	GameSceneUI::hideOverPane()
0x00343181	0x00343180	34	1	_ZN9GameScene23GameSceneWithBlendColorEfN7cocos2d10_ccColor4BE	GameScene::GameSceneWithBlendColor(float, cocos2d::_ccColor4B)
0x0031cf59	0x0031cf58	2664	1	_ZN8MEPlayer14setActionStateE13MEPLAYERSTATEb	MEPlayer::setActionState(MEPLAYERSTATE, bool)
0x003d7515	0x003d7514	108	1	_ZN11GameSceneUI14showDialogueUIEPKciP18DialogOverCallBackiN7cocos2d10_ccColor4BE	GameSceneUI::showDialogueUI(char const*, int, DialogOverCallBack*, int, cocos2d::_ccColor4B)
0x003187ad	0x003187ac	16	1	_ZN8MEPlayer13playerHLPointEv	MEPlayer::playerHLPoint()
0x0034be4d	0x0034be4c	44	1	_ZN19GameSceneLansObjectC1Ev	GameSceneLansObject::GameSceneLansObject()
0x0034a0b3	0x0034a0b2	32	1	_ZN19GameSceneClassLayer14addLansCObjectEP19GameSceneLansObject	GameSceneClassLayer::addLansCObject(GameSceneLansObject*)
0x0034a101	0x0034a100	64	1	_ZN19GameSceneClassLayer16removeLansObjectEj	GameSceneClassLayer::removeLansObject(unsigned int)
0x0031e43d	0x0031e43c	660	1	_ZN8MEPlayer11actionStateEv	MEPlayer::actionState()
0x0034aeaf	0x0034aeae	76	1	_ZN19GameSceneClassLayer17removeEnemyObjectEjj	GameSceneClassLayer::removeEnemyObject(unsigned int, unsigned int)
0x002a29b9	0x002a29b8	316	1	_ZN13BattleManager15AddBeatenEffectEP8MEPlayerP11EnemyObjectN7cocos2d7CCPointEb	BattleManager::AddBeatenEffect(MEPlayer*, EnemyObject*, cocos2d::CCPoint, bool)
0x003415d9	0x003415d8	72	1	_ZN9GameScene17setSceneVibrationEv	GameScene::setSceneVibration()
0x0031a693	0x0031a692	276	1	_ZN8MEPlayer11addStrengthEf	MEPlayer::addStrength(float)
0x0034062f	0x0034062e	68	1	_ZN9GameScene21setPlayerPosAddOffsetEN7cocos2d7CCPointE	GameScene::setPlayerPosAddOffset(cocos2d::CCPoint)
0x00343a0d	0x00343a0c	12	1	_ZN9GameScene13isOnlineStateEv	GameScene::isOnlineState()
0x0031a4b9	0x0031a4b8	52	1	_ZN8MEPlayer17isMissActionStateEv	MEPlayer::isMissActionState()
0x0031eeed	0x0031eeec	4276	1	_ZN8MEPlayer8isBeatenEN7cocos2d7CCPointEjfPfP11EnemyObject	MEPlayer::isBeaten(cocos2d::CCPoint, unsigned int, float, float*, EnemyObject*)
0x00317f31	0x00317f30	62	1	_ZN8MEPlayer11pauseActionEf	MEPlayer::pauseAction(float)
0x0031e9e5	0x0031e9e4	1044	1	_ZN8MEPlayer9addHealthEfb	MEPlayer::addHealth(float, bool)
0x0034bcc1	0x0034bcc0	80	1	_ZN20GameSceneEnemyObject16createWithObjectEP11EnemyObjectN7cocos2d7CCPointEi	GameSceneEnemyObject::createWithObject(EnemyObject*, cocos2d::CCPoint, int)
0x0034a017	0x0034a016	32	1	_ZN19GameSceneClassLayer14addEnemyObjectEP20GameSceneEnemyObject	GameSceneClassLayer::addEnemyObject(GameSceneEnemyObject*)
0x00351775	0x00351774	44	1	_ZN18GameScenePetObjectC1Ev	GameScenePetObject::GameScenePetObject()
0x0034a141	0x0034a140	32	1	_ZN19GameSceneClassLayer12addPetObjectEP18GameScenePetObject	GameSceneClassLayer::addPetObject(GameScenePetObject*)
0x0034c609	0x0034c608	80	1	_ZN18GameSceneNPCObject16createWithObjectEP9NPCObjectN7cocos2d7CCPointEi	GameSceneNPCObject::createWithObject(NPCObject*, cocos2d::CCPoint, int)
0x0034a065	0x0034a064	32	1	_ZN19GameSceneClassLayer12addNPCObjectEP18GameSceneNPCObject	GameSceneClassLayer::addNPCObject(GameSceneNPCObject*)
0x003254f1	0x003254f0	28	1	_ZN15MEPlayerManager3endEv	MEPlayerManager::end()
0x0034babd	0x0034babc	44	1	_ZN24GameSceneEnemyDropObjectC1Ev	GameSceneEnemyDropObject::GameSceneEnemyDropObject()
0x0034bae9	0x0034bae8	72	1	_ZN24GameSceneEnemyDropObject14initWithObjectEPN7cocos2d8CCSpriteENS0_7CCPointEi	GameSceneEnemyDropObject::initWithObject(cocos2d::CCSprite*, cocos2d::CCPoint, int)
0x0034a18f	0x0034a18e	32	1	_ZN19GameSceneClassLayer18addEnemyDropObjectEP24GameSceneEnemyDropObject	GameSceneClassLayer::addEnemyDropObject(GameSceneEnemyDropObject*)
0x0034a1dd	0x0034a1dc	74	1	_ZN19GameSceneClassLayer31removeEnemyDropObjectWithSpriteEPN7cocos2d8CCSpriteE	GameSceneClassLayer::removeEnemyDropObjectWithSprite(cocos2d::CCSprite*)
0x0033ff13	0x0033ff12	26	1	_ZN9GameScene18getGLGameSceneDataEv	GameScene::getGLGameSceneData()
0x002a6e09	0x002a6e08	3544	1	_ZN13BattleManager15playerHitPlayerEP8MEPlayerRb	BattleManager::playerHitPlayer(MEPlayer*, bool&)
0x00317f79	0x00317f78	62	1	_ZN8MEPlayer12getPlayerPosEv	MEPlayer::getPlayerPos()
0x0031c76d	0x0031c76c	72	1	_ZN8MEPlayer13isAttackStateEv	MEPlayer::isAttackState()
0x0031ffa1	0x0031ffa0	4044	1	_ZN8MEPlayer13inputAtkValueEsP11EnemyObjectPS_	MEPlayer::inputAtkValue(short, EnemyObject*, MEPlayer*)
0x00318847	0x00318846	8	1	_ZN8MEPlayer22curActionHitPointCountEv	MEPlayer::curActionHitPointCount()
0x0031884f	0x0031884e	102	1	_ZN8MEPlayer12beatHitPointEiPN7cocos2d7CCPointE	MEPlayer::beatHitPoint(int, cocos2d::CCPoint*)
0x00319997	0x00319996	26	1	_ZN8MEPlayer9isHitFlagEv	MEPlayer::isHitFlag()
0x003188b5	0x003188b4	468	1	_ZN8MEPlayer19addSuperEnergyValueEfi	MEPlayer::addSuperEnergyValue(float, int)
0x00319ac3	0x00319ac2	18	1	_ZN8MEPlayer11addComboNumEv	MEPlayer::addComboNum()
0x0031c749	0x0031c748	12	1	_ZN8MEPlayer6isFaceEv	MEPlayer::isFace()
0x003199d1	0x003199d0	12	1	_ZN8MEPlayer16tempHitFlagCountEv	MEPlayer::tempHitFlagCount()
0x0031c813	0x0031c812	14	1	_ZN8MEPlayer14isDefenseStateEv	MEPlayer::isDefenseState()
0x00341621	0x00341620	72	1	_ZN9GameScene18setSceneSVibrationEv	GameScene::setSceneSVibration()
0x003417f9	0x003417f8	106	1	_ZN9GameScene13setSceneScaleEv	GameScene::setSceneScale()
0x00341575	0x00341574	100	1	_ZN9GameScene18setSceneBVibrationEv	GameScene::setSceneBVibration()
0x002a7be1	0x002a7be0	9996	1	_ZN13BattleManager14playerHitEnemyEP11EnemyObjectP8MEPlayerRbS4_	BattleManager::playerHitEnemy(EnemyObject*, MEPlayer*, bool&, bool&)
0x00319a19	0x00319a18	136	1	_ZN8MEPlayer9isMissAtkEf	MEPlayer::isMissAtk(float)
0x00317f6f	0x00317f6e	8	1	_ZN8MEPlayer13IsPauseActionEv	MEPlayer::IsPauseAction()
0x00318ac9	0x00318ac8	8	1	_ZN8MEPlayer23setCurActionNoCollisionEv	MEPlayer::setCurActionNoCollision()
0x00318779	0x00318778	52	1	_ZN8MEPlayer17playerCenterPointEv	MEPlayer::playerCenterPoint()
0x003d867d	0x003d867c	50	1	_ZN11GameSceneUI22showDamageFirstTimeTipEi	GameSceneUI::showDamageFirstTimeTip(int)
0x003d6c31	0x003d6c30	6	1	_ZN11GameSceneUI14isPlayingVideoEv	GameSceneUI::isPlayingVideo()
0x003431f9	0x003431f8	252	1	_ZN9GameScene8finishCGEv	GameScene::finishCG()
0x00341975	0x00341974	98	1	_ZN9GameScene17setSceneScaleBackEv	GameScene::setSceneScaleBack()
0x0033ff33	0x0033ff32	42	1	_ZN9GameScene8isLessonEv	GameScene::isLesson()
0x00341bad	0x00341bac	388	1	_ZN9GameScene9killEnemyEP11EnemyObject	GameScene::killEnemy(EnemyObject*)
0x00341b31	0x00341b30	10	1	_ZN9GameScene16GameLevelsIsDoneEv	GameScene::GameLevelsIsDone()
0x00341d6b	0x00341d6a	6	1	_ZN9GameScene14isGameTimeSlowEv	GameScene::isGameTimeSlow()
0x003199c1	0x003199c0	16	1	_ZN8MEPlayer16addComboHitCountEv	MEPlayer::addComboHitCount()
0x003199b1	0x003199b0	16	1	_ZN8MEPlayer15addHitFlagCountEv	MEPlayer::addHitFlagCount()
0x00341b3b	0x00341b3a	114	1	_ZN9GameScene26checkGateChangeSceneEnableEv	GameScene::checkGateChangeSceneEnable()
0x003d67b9	0x003d67b8	12	1	_ZN11GameSceneUI10nextLessonEv	GameSceneUI::nextLesson()
0x00341ee9	0x00341ee8	184	1	_ZN9GameScene8switchCGEi	GameScene::switchCG(int)
0x00341e69	0x00341e68	6	1	_ZN9GameScene18execLUA_SwitchFormEP11EnemyObject	GameScene::execLUA_SwitchForm(EnemyObject*)
0x00341d31	0x00341d30	58	1	_ZN9GameScene12GameTimeSlowEff	GameScene::GameTimeSlow(float, float)
0x003d67c5	0x003d67c4	12	1	_ZN11GameSceneUI10lessonStepEv	GameSceneUI::lessonStep()
0x0034084f	0x0034084e	28	1	_ZN9GameScene23EnemyContainsPointEventEP11EnemyObject	GameScene::EnemyContainsPointEvent(EnemyObject*)
0x003409f1	0x003409f0	12	1	_ZN9GameScene10GetSceneIDEv	GameScene::GetSceneID()
0x0034b8ab	0x0034b8aa	46	1	_ZN19GameSceneClassLayer34getEventGameSceneObjectWithEventIDEj	GameSceneClassLayer::getEventGameSceneObjectWithEventID(unsigned int)
0x002b188d	0x002b188c	320	1	_ZN11EnemyObject15actionTargetPosE10ENEMYSTATEP8MEPlayerN7cocos2d7CCPointEbb	EnemyObject::actionTargetPos(ENEMYSTATE, MEPlayer*, cocos2d::CCPoint, bool, bool)
0x00321089	0x00321088	16	1	_ZN8MEPlayer28getCPProgressRecordDataCountEv	MEPlayer::getCPProgressRecordDataCount()
0x003417b3	0x003417b2	70	1	_ZN9GameScene24setSceneScaleBackWithPosEN7cocos2d7CCPointE	GameScene::setSceneScaleBackWithPos(cocos2d::CCPoint)
0x003d79a1	0x003d79a0	12	1	_ZN11GameSceneUI16isShowDialogueUIEv	GameSceneUI::isShowDialogueUI()
0x00321055	0x00321054	52	1	_ZN8MEPlayer22getCPProRecordWithCPIDEji	MEPlayer::getCPProRecordWithCPID(unsigned int, int)
0x00341e6f	0x00341e6e	122	1	_ZN9GameScene15enemySwitchFromEP11EnemyObjectib	GameScene::enemySwitchFrom(EnemyObject*, int, bool)
0x003402a9	0x003402a8	60	1	_ZN9GameScene17TriggerGame180103Ev	GameScene::TriggerGame180103()
0x003447e1	0x003447e0	148	1	_ZN9GameScene17TriggerGame300103Ev	GameScene::TriggerGame300103()
0x00321007	0x00321006	36	1	_ZN8MEPlayer23getCPProRecordWithIndexEj	MEPlayer::getCPProRecordWithIndex(unsigned int)
0x00317bdd	0x00317bdc	16	1	_ZN8MEPlayer20getWeaponsAtlasCountEv	MEPlayer::getWeaponsAtlasCount()
0x00324181	0x00324180	18	1	_ZN8MEPlayer7getGoldEv	MEPlayer::getGold()
0x003d639d	0x003d639c	28	1	_ZN11GameSceneUI3endEv	GameSceneUI::end()
0x00341669	0x00341668	140	1	_ZN9GameScene18getPlayerCameraPosEv	GameScene::getPlayerCameraPos()
0x003416f5	0x003416f4	120	1	_ZN9GameScene17getEnemyCameraPosEN7cocos2d7CCPointE	GameScene::getEnemyCameraPos(cocos2d::CCPoint)
0x00346cf9	0x00346cf8	426	1	_ZN9GameScene13initGameSceneEv	GameScene::initGameScene()
0x00353b27	0x00353b26	4	1	_ZN18GameSceneLayerData19GetLayerObjectArrayEv	GameSceneLayerData::GetLayerObjectArray()
0x002c17bf	0x002c17be	50	1	_ZN24GameSceneLayerObjectData6createEv	GameSceneLayerObjectData::create()
0x00353be5	0x00353be4	68	1	_ZN24GameSceneLayerObjectDataC1Ev	GameSceneLayerObjectData::GameSceneLayerObjectData()
0x002c17f1	0x002c17f0	50	1	_ZN18GameSceneLayerData6createEv	GameSceneLayerData::create()
0x00353add	0x00353adc	32	1	_ZN18GameSceneLayerDataC1Ev	GameSceneLayerData::GameSceneLayerData()
0x002c1823	0x002c1822	50	1	_ZN13GameSceneData6createEv	GameSceneData::create()
0x0035393d	0x0035393c	40	1	_ZN13GameSceneDataC1Ev	GameSceneData::GameSceneData()
0x002c1855	0x002c1854	52	1	_ZN21GameScenePortNodeData6createEv	GameScenePortNodeData::create()
0x002c32a1	0x002c32a0	132	1	_ZN21GameScenePortNodeDataC1Ev	GameScenePortNodeData::GameScenePortNodeData()
0x00353afd	0x00353afc	10	1	_ZN18GameSceneLayerData9AddObjectEP24GameSceneLayerObjectData	GameSceneLayerData::AddObject(GameSceneLayerObjectData*)
0x00353965	0x00353964	10	1	_ZN13GameSceneData8AddLayerEP18GameSceneLayerData	GameSceneData::AddLayer(GameSceneLayerData*)
0x002c3239	0x002c3238	56	1	_ZN21GameScenePortNodeData4initEv	GameScenePortNodeData::init()
0x002c3271	0x002c3270	28	1	_ZN21GameScenePortNodeDataD2Ev	GameScenePortNodeData::~GameScenePortNodeData()
0x002c3271	0x002c3270	28	1	_ZN21GameScenePortNodeDataD1Ev	GameScenePortNodeData::~GameScenePortNodeData()
0x002c328d	0x002c328c	18	1	_ZN21GameScenePortNodeDataD0Ev	GameScenePortNodeData::~GameScenePortNodeData()
0x002c32a1	0x002c32a0	132	1	_ZN21GameScenePortNodeDataC2Ev	GameScenePortNodeData::GameScenePortNodeData()
0x00317dc7	0x00317dc6	24	1	_ZN8MEPlayer19checkMatInWarehouseEjj	MEPlayer::checkMatInWarehouse(unsigned int, unsigned int)
0x00317bed	0x00317bec	36	1	_ZN8MEPlayer22getWeaponsAtlasAtIndexEj	MEPlayer::getWeaponsAtlasAtIndex(unsigned int)
0x0031c1f1	0x0031c1f0	12	1	_ZN8MEPlayer18getPlayerLevelsNumEv	MEPlayer::getPlayerLevelsNum()
0x003d83fd	0x003d83fc	44	1	_ZN11GameSceneUI13hideAchieveUIEv	GameSceneUI::hideAchieveUI()
0x00317cd5	0x00317cd4	20	1	_ZN8MEPlayer23addSoulStoneToWarehouseEP11wp_Property	MEPlayer::addSoulStoneToWarehouse(wp_Property*)
0x00317b59	0x00317b58	64	1	_ZN8MEPlayer18addNewWeaponsAtlasEP12WeaponsAtlas	MEPlayer::addNewWeaponsAtlas(WeaponsAtlas*)
0x00323061	0x00323060	20	1	_ZN8MEPlayer19addEquipToWarehouseEP13EquipItemData	MEPlayer::addEquipToWarehouse(EquipItemData*)
0x00317c8f	0x00317c8e	68	1	_ZN8MEPlayer19addToolsToWarehouseEP12ItemTypeData	MEPlayer::addToolsToWarehouse(ItemTypeData*)
0x002dac69	0x002dac68	300	1	_ZN16LansquenetObject15actionTargetPosE10ENEMYSTATEP8MEPlayerN7cocos2d7CCPointEb	LansquenetObject::actionTargetPos(ENEMYSTATE, MEPlayer*, cocos2d::CCPoint, bool)
0x0034a227	0x0034a226	12	1	_ZN19GameSceneClassLayer13objectAtIndexEj	GameSceneClassLayer::objectAtIndex(unsigned int)
0x0034a235	0x0034a234	700	1	_ZN19GameSceneClassLayer4moveEN7cocos2d7CCPointE	GameSceneClassLayer::move(cocos2d::CCPoint)
0x0034a4f1	0x0034a4f0	48	1	_ZN19GameSceneClassLayer4tickEf	GameSceneClassLayer::tick(float)
0x0034ae2b	0x0034ae2a	62	1	_ZN19GameSceneClassLayer21ForeshorteningEffectsEN7cocos2d7CCPointE	GameSceneClassLayer::ForeshorteningEffects(cocos2d::CCPoint)
0x00349fb5	0x00349fb4	8	1	_ZN19GameSceneClassLayer8gscCountEv	GameSceneClassLayer::gscCount()
0x0034a801	0x0034a800	96	1	_ZN19GameSceneClassLayer21isObjectContainsPointEN7cocos2d7CCPointEiib	GameSceneClassLayer::isObjectContainsPoint(cocos2d::CCPoint, int, int, bool)
0x0034dec9	0x0034dec8	112	1	_ZN15GameSceneObject27setEventObjectVisibleWithIDEib	GameSceneObject::setEventObjectVisibleWithID(int, bool)
0x0034ae05	0x0034ae04	38	1	_ZN19GameSceneClassLayer12RetouchEndedEv	GameSceneClassLayer::RetouchEnded()
0x002e0efd	0x002e0efc	1196	1	_ZN22ChooseHeroReadyUIScene17loadGameSceneDataEP10GameLevels	ChooseHeroReadyUIScene::loadGameSceneData(GameLevels*)
0x00349f4b	0x00349f4a	56	1	_ZN19GameSceneClassLayer12createWithIDEi	GameSceneClassLayer::createWithID(int)
0x0035396f	0x0035396e	32	1	_ZN13GameSceneData22GetSceneLayerDataWithZEi	GameSceneData::GetSceneLayerDataWithZ(int)
0x00353b07	0x00353b06	32	1	_ZN18GameSceneLayerData21GetLayerObjectWithIdxEj	GameSceneLayerData::GetLayerObjectWithIdx(unsigned int)
0x0034d285	0x0034d284	58	1	_ZN15GameSceneObject14createWithDataEP24GameSceneLayerObjectData	GameSceneObject::createWithData(GameSceneLayerObjectData*)
0x00349f83	0x00349f82	50	1	_ZN19GameSceneClassLayer9addObjectEP15GameSceneObject	GameSceneClassLayer::addObject(GameSceneObject*)
0x0033fec1	0x0033fec0	58	1	_ZN9GameScene22LoadGameLevelsWithFileEPKc	GameScene::LoadGameLevelsWithFile(char const*)
0x00324e95	0x00324e94	30	1	_ZN8MEPlayer12setPlayerIdxEj	MEPlayer::setPlayerIdx(unsigned int)
0x003d6a91	0x003d6a90	46	1	_ZN11GameSceneUI18hideChooseHeroPaneEv	GameSceneUI::hideChooseHeroPane()
0x003d63b9	0x003d63b8	30	1	_ZN11GameSceneUI24hidePlayerUIAndControlUIEv	GameSceneUI::hidePlayerUIAndControlUI()
0x003d96c9	0x003d96c8	248	1	_ZN11GameSceneUI15OL_ShowOverPaneEb	GameSceneUI::OL_ShowOverPane(bool)
0x00342071	0x00342070	20	1	_ZN9GameScene11switchSceneEv	GameScene::switchScene()
0x003d725f	0x003d725e	118	1	_ZN11GameSceneUI21showControlsAttackKeyEv	GameSceneUI::showControlsAttackKey()
0x003d6a21	0x003d6a20	112	1	_ZN11GameSceneUI18showChooseHeroPaneEv	GameSceneUI::showChooseHeroPane()
0x003d6fab	0x003d6faa	58	1	_ZN11GameSceneUI14hideGameFunKeyEv	GameSceneUI::hideGameFunKey()
0x0033ba91	0x0033ba90	856	1	_ZN12GameSaveData26LoadStandaloneHeroDataListEv	GameSaveData::LoadStandaloneHeroDataList()
0x003d7679	0x003d7678	808	1	_ZN11GameSceneUI19MainCtiyGuideRefeshEv	GameSceneUI::MainCtiyGuideRefesh()
0x003d8537	0x003d8536	50	1	_ZN11GameSceneUI11hideLevelUIEv	GameSceneUI::hideLevelUI()
0x003d7faf	0x003d7fae	46	1	_ZN11GameSceneUI11showLevelUIEf	GameSceneUI::showLevelUI(float)
0x003d8339	0x003d8338	52	1	_ZN11GameSceneUI12hideMailPaneEv	GameSceneUI::hideMailPane()
0x00308bbd	0x00308bbc	4	1	_ZNK18OLPlayerActionData7getfbfhEv	OLPlayerActionData::getfbfh() const
0x00308bc1	0x00308bc0	4	1	_ZN18OLPlayerActionData7setfbfhEf	OLPlayerActionData::setfbfh(float)
0x00308bc5	0x00308bc4	6	1	_ZNK18OLPlayerActionData13getsGotoFrameEv	OLPlayerActionData::getsGotoFrame() const
0x00308bcb	0x00308bca	4	1	_ZN18OLPlayerActionData13setsGotoFrameEs	OLPlayerActionData::setsGotoFrame(short)
0x00308bcf	0x00308bce	6	1	_ZNK18OLPlayerActionData16getsGotoFrameIdxEv	OLPlayerActionData::getsGotoFrameIdx() const
0x00308bd5	0x00308bd4	4	1	_ZN18OLPlayerActionData16setsGotoFrameIdxEs	OLPlayerActionData::setsGotoFrameIdx(short)
0x00308df5	0x00308df4	34	1	_ZN23receivePlayerActionData19setPlayerActionDataE18OLPlayerActionData	receivePlayerActionData::setPlayerActionData(OLPlayerActionData)
0x00308e19	0x00308e18	64	1	_ZNK23receivePlayerActionData19getPlayerActionDataEv	receivePlayerActionData::getPlayerActionData() const
0x00309279	0x00309278	36	1	_ZN18OLPlayerActionDataC2Ev	OLPlayerActionData::OLPlayerActionData()
0x00309279	0x00309278	36	1	_ZN18OLPlayerActionDataC1Ev	OLPlayerActionData::OLPlayerActionData()
0x0030929d	0x0030929c	28	1	_ZN18OLPlayerActionDataD2Ev	OLPlayerActionData::~OLPlayerActionData()
0x0030929d	0x0030929c	28	1	_ZN18OLPlayerActionDataD1Ev	OLPlayerActionData::~OLPlayerActionData()
0x003096e1	0x003096e0	36	1	_ZN23receivePlayerActionDataC2Ev	receivePlayerActionData::receivePlayerActionData()
0x003096e1	0x003096e0	36	1	_ZN23receivePlayerActionDataC1Ev	receivePlayerActionData::receivePlayerActionData()
0x00309705	0x00309704	36	1	_ZN23receivePlayerActionDataD2Ev	receivePlayerActionData::~receivePlayerActionData()
0x00309705	0x00309704	36	1	_ZN23receivePlayerActionDataD1Ev	receivePlayerActionData::~receivePlayerActionData()
0x0031c80d	0x0031c80c	6	1	_ZN8MEPlayer15setPlayer2LevelEi	MEPlayer::setPlayer2Level(int)
0x0032248d	0x0032248c	6	1	_ZN8MEPlayer19setPlayer2MaxHealthEi	MEPlayer::setPlayer2MaxHealth(int)
0x0031c8a9	0x0031c8a8	124	1	_ZN8MEPlayer19equipOLPlayerWeaponEjiiiii	MEPlayer::equipOLPlayerWeapon(unsigned int, int, int, int, int, int)
0x00325695	0x00325694	20	1	_ZN15MEPlayerManager11showPlayer2Ev	MEPlayerManager::showPlayer2()
0x00325681	0x00325680	20	1	_ZN15MEPlayerManager11hidePlayer2Ev	MEPlayerManager::hidePlayer2()
0x00343bdb	0x00343bda	216	1	_ZN9GameScene27olUpdataPlayer2LoadingStateEv	GameScene::olUpdataPlayer2LoadingState()
0x003d89e5	0x003d89e4	12	1	_ZN11GameSceneUI11teammateWinEv	GameSceneUI::teammateWin()
0x0031bf4f	0x0031bf4e	80	1	_ZN8MEPlayer11setHealth_TEi	MEPlayer::setHealth_T(int)
0x003d89f1	0x003d89f0	12	1	_ZN11GameSceneUI21setTeamOverClearStyleEi	GameSceneUI::setTeamOverClearStyle(int)
0x0031e6d1	0x0031e6d0	136	1	_ZN8MEPlayer10resurgenceEv	MEPlayer::resurgence()
0x00324fbd	0x00324fbc	116	1	_ZN8MEPlayer20setTeamPlayerClothesEtt	MEPlayer::setTeamPlayerClothes(unsigned short, unsigned short)
0x003d86cb	0x003d86ca	42	1	_ZN11GameSceneUI13gotoGateFightEv	GameSceneUI::gotoGateFight()
0x00343ad5	0x00343ad4	148	1	_ZN9GameScene20olUpdataPlayer2StateE18OLPlayerActionData	GameScene::olUpdataPlayer2State(OLPlayerActionData)
0x003409fd	0x003409fc	34	1	_ZN9GameScene21olUpdataPlayer2HealthE18OLPlayerHealthData	GameScene::olUpdataPlayer2Health(OLPlayerHealthData)
0x00340aa9	0x00340aa8	348	1	_ZN9GameScene18olUpdataEnemyStateE17OLEnemyActionData	GameScene::olUpdataEnemyState(OLEnemyActionData)
0x00340a1f	0x00340a1e	136	1	_ZN9GameScene19olUpdataEnemyHealthE17OLEnemyHealthDatai	GameScene::olUpdataEnemyHealth(OLEnemyHealthData, int)
0x003d86f5	0x003d86f4	440	1	_ZN11GameSceneUI8TeamTipsESsSsf	GameSceneUI::TeamTips(std::basic_string<char, std::char_traits<char>, std::allocator<char> >, std::basic_string<char, std::char_traits<char>, std::allocator<char> >, float)
0x00343e21	0x00343e20	58	1	_ZN9GameScene16RemoveTeamPlayerEv	GameScene::RemoveTeamPlayer()
0x003d6931	0x003d6930	20	1	_ZN11GameSceneUI13callPVECancelEv	GameSceneUI::callPVECancel()
0x00322493	0x00322492	6	1	_ZN8MEPlayer17setTeamMemberTypeEj	MEPlayer::setTeamMemberType(unsigned int)
0x003d6945	0x003d6944	34	1	_ZN11GameSceneUI13setTeamLeaderEi	GameSceneUI::setTeamLeader(int)
0x00340c05	0x00340c04	40	1	_ZN9GameScene10setEnemyAIEb	GameScene::setEnemyAI(bool)
0x003d88ad	0x003d88ac	312	1	_ZN11GameSceneUI11showWarningESs	GameSceneUI::showWarning(std::basic_string<char, std::char_traits<char>, std::allocator<char> >)
0x0031bfa5	0x0031bfa4	440	1	_ZN8MEPlayer12getMaxHealthEj	MEPlayer::getMaxHealth(unsigned int)
0x00324371	0x00324370	796	1	_ZN8MEPlayer14getBattlePowerEv	MEPlayer::getBattlePower()
0x0031a627	0x0031a626	108	1	_ZN8MEPlayer17getAllMaxStrengthEv	MEPlayer::getAllMaxStrength()
0x003214e9	0x003214e8	90	1	_ZN8MEPlayer25getPlayerPerStrengthReplyEv	MEPlayer::getPlayerPerStrengthReply()
0x0030c7b5	0x0030c7b4	232	1	_ZN9NetSystem20sendPlayerActionInfoER18OLPlayerActionData	NetSystem::sendPlayerActionInfo(OLPlayerActionData&)
0x003d6c37	0x003d6c36	18	1	_ZN11GameSceneUI11getGateInfoEv	GameSceneUI::getGateInfo()
0x00346267	0x00346266	208	1	_ZN9GameScene13AddTeamPlayerER9actorDataR15equipWeaponDataR18SaveDataHeroTalent	GameScene::AddTeamPlayer(actorData&, equipWeaponData&, SaveDataHeroTalent&)
0x003d691d	0x003d691c	20	1	_ZN11GameSceneUI12callPVEMatchEv	GameSceneUI::callPVEMatch()
0x003d7f6f	0x003d7f6e	64	1	_ZN11GameSceneUI11showLevelUIEfii	GameSceneUI::showLevelUI(float, int, int)
0x0031a60f	0x0031a60e	18	1	_ZN8MEPlayer17addEquipAddHealthEf	MEPlayer::addEquipAddHealth(float)
0x0031a5fd	0x0031a5fc	6	1	_ZN8MEPlayer17setEquipAddHealthEf	MEPlayer::setEquipAddHealth(float)
0x0031a5f1	0x0031a5f0	6	1	_ZN8MEPlayer19setEquipAddStrnegthEf	MEPlayer::setEquipAddStrnegth(float)
0x0031a5f7	0x0031a5f6	6	1	_ZN8MEPlayer17setEquipAddAttackEf	MEPlayer::setEquipAddAttack(float)
0x0031a603	0x0031a602	6	1	_ZN8MEPlayer22setEquipAddDamageAbosrEf	MEPlayer::setEquipAddDamageAbosr(float)
0x00316e57	0x00316e56	6	1	_ZNK12MEPlayerData18getPlayerClothesIdEv	MEPlayerData::getPlayerClothesId() const
0x00316e5d	0x00316e5c	6	1	_ZN12MEPlayerData18setPlayerClothesIdEj	MEPlayerData::setPlayerClothesId(unsigned int)
0x00316e63	0x00316e62	6	1	_ZNK12MEPlayerData16getPlayerColorIdEv	MEPlayerData::getPlayerColorId() const
0x00316e69	0x00316e68	6	1	_ZN12MEPlayerData16setPlayerColorIdEj	MEPlayerData::setPlayerColorId(unsigned int)
0x00316e6f	0x00316e6e	6	1	_ZNK8MEPlayer18getIsChangeClothesEv	MEPlayer::getIsChangeClothes() const
0x00316e75	0x00316e74	6	1	_ZN8MEPlayer18setIsChangeClothesEb	MEPlayer::setIsChangeClothes(bool)
0x00316e7b	0x00316e7a	6	1	_ZNK8MEPlayer17getIsChangeWeaponEv	MEPlayer::getIsChangeWeapon() const
0x00316e81	0x00316e80	6	1	_ZN8MEPlayer17setIsChangeWeaponEb	MEPlayer::setIsChangeWeapon(bool)
0x00316e87	0x00316e86	6	1	_ZNK8MEPlayer16getIsChangeToolsEv	MEPlayer::getIsChangeTools() const
0x00316e8d	0x00316e8c	6	1	_ZN8MEPlayer16setIsChangeToolsEb	MEPlayer::setIsChangeTools(bool)
0x00316e93	0x00316e92	62	1	_ZN17MEPlayerLevelData4initEv	MEPlayerLevelData::init()
0x00316ed1	0x00316ed0	8	1	_ZN8MEPlayer16OnResetSteelBodyEf	MEPlayer::OnResetSteelBody(float)
0x00316ed9	0x00316ed8	28	1	_ZN17MEPlayerLevelDataD2Ev	MEPlayerLevelData::~MEPlayerLevelData()
0x00316ed9	0x00316ed8	28	1	_ZN17MEPlayerLevelDataD1Ev	MEPlayerLevelData::~MEPlayerLevelData()
0x00316ef5	0x00316ef4	18	1	_ZN17MEPlayerLevelDataD0Ev	MEPlayerLevelData::~MEPlayerLevelData()
0x00316f09	0x00316f08	28	1	_ZN12MEPlayerDataD2Ev	MEPlayerData::~MEPlayerData()
0x00316f09	0x00316f08	28	1	_ZN12MEPlayerDataD1Ev	MEPlayerData::~MEPlayerData()
0x00316f25	0x00316f24	18	1	_ZN12MEPlayerDataD0Ev	MEPlayerData::~MEPlayerData()
0x00316f91	0x00316f90	8	1	_ZN8MEPlayer16resetPlayerSoundEv	MEPlayer::resetPlayerSound()
0x0032e843	0x0032e842	34	1	_ZN13MEPlayerSound14resetPlaySoundEv	MEPlayerSound::resetPlaySound()
0x00316f99	0x00316f98	40	1	_ZN8MEPlayer12OnUpAtkValueEf	MEPlayer::OnUpAtkValue(float)
0x00316fc1	0x00316fc0	40	1	_ZN8MEPlayer19OnUpAtkStatuesValueEf	MEPlayer::OnUpAtkStatuesValue(float)
0x00316fe9	0x00316fe8	40	1	_ZN8MEPlayer24OnUpAtkAfterElasticValueEf	MEPlayer::OnUpAtkAfterElasticValue(float)
0x00317011	0x00317010	40	1	_ZN8MEPlayer20OnResetAtkUpStatusCDEf	MEPlayer::OnResetAtkUpStatusCD(float)
0x00317039	0x00317038	40	1	_ZN8MEPlayer22OnResetBeAtkUpStatusCDEf	MEPlayer::OnResetBeAtkUpStatusCD(float)
0x003170bf	0x003170be	50	1	_ZN18MissionDataManager6createEv	MissionDataManager::create()
0x0040241d	0x0040241c	28	1	_ZN18MissionDataManagerC1Ev	MissionDataManager::MissionDataManager()
0x00317161	0x00317160	76	1	_ZN17MEPlayerLevelData6createEv	MEPlayerLevelData::create()
0x0031766d	0x0031766c	452	1	_ZN17MEPlayerLevelData23LoadPlayerLevelDataFileEPKc	MEPlayerLevelData::LoadPlayerLevelDataFile(char const*)
0x00317831	0x00317830	340	1	_ZN17MEPlayerLevelData27LoadPlayerLevelDataFile_csvEPKc	MEPlayerLevelData::LoadPlayerLevelDataFile_csv(char const*)
0x00317985	0x00317984	68	1	_ZN8MEPlayer17initActionsSoundsEv	MEPlayer::initActionsSounds()
0x0032e70b	0x0032e70a	54	1	_ZN13MEPlayerSound27createMEPlayerSoundWithFileEPKc	MEPlayerSound::createMEPlayerSoundWithFile(char const*)
0x003179c9	0x003179c8	30	1	_ZN8MEPlayer14setActionSoundEv	MEPlayer::setActionSound()
0x0032e775	0x0032e774	116	1	_ZN13MEPlayerSound9playSoundEP8MEPlayer	MEPlayerSound::playSound(MEPlayer*)
0x003179e7	0x003179e6	8	1	_ZN8MEPlayer12setGameSceneEP9GameScene	MEPlayer::setGameScene(GameScene*)
0x003179ef	0x003179ee	8	1	_ZN8MEPlayer10useSpellIDEj	MEPlayer::useSpellID(unsigned int)
0x003179f7	0x003179f6	8	1	_ZN8MEPlayer11isUseSpellsEj	MEPlayer::isUseSpells(unsigned int)
0x003179ff	0x003179fe	46	1	_ZN8MEPlayer16clearSpellEffectEj	MEPlayer::clearSpellEffect(unsigned int)
0x00317a33	0x00317a32	30	1	_ZN8MEPlayer17createMissionDataEv	MEPlayer::createMissionData()
0x00317a67	0x00317a66	30	1	_ZN8MEPlayer17createArmbandDataEv	MEPlayer::createArmbandData()
0x00317a85	0x00317a84	22	1	_ZN8MEPlayer20getPlayerArmbandDataEv	MEPlayer::getPlayerArmbandData()
0x00317a9b	0x00317a9a	2	1	_ZN8MEPlayer16updataPlayerDataEv	MEPlayer::updataPlayerData()
0x00317a9d	0x00317a9c	92	1	_ZN8MEPlayer20updateNewEquipBZShowEv	MEPlayer::updateNewEquipBZShow()
0x00317af9	0x00317af8	96	1	_ZN8MEPlayer23updataOLEquipWeaponShowEP15WeaponsItemDatab	MEPlayer::updataOLEquipWeaponShow(WeaponsItemData*, bool)
0x00317b99	0x00317b98	68	1	_ZN8MEPlayer18removeWeaponsAtlasEP12WeaponsAtlas	MEPlayer::removeWeaponsAtlas(WeaponsAtlas*)
0x00317c11	0x00317c10	44	1	_ZN8MEPlayer26getWeaponAtlasWithWeaponIdEj	MEPlayer::getWeaponAtlasWithWeaponId(unsigned int)
0x00317c3d	0x00317c3c	4	1	_ZN8MEPlayer14backpackIsFullEj12DROPITEMTYPEj	MEPlayer::backpackIsFull(unsigned int, DROPITEMTYPE, unsigned int)
0x00317c41	0x00317c40	6	1	_ZN8MEPlayer14IsSwitchActionEv	MEPlayer::IsSwitchAction()
0x00317c5b	0x00317c5a	52	1	_ZN8MEPlayer17subMatToWarehouseEP16WeaponsPartsData	MEPlayer::subMatToWarehouse(WeaponsPartsData*)
0x00317cd3	0x00317cd2	2	1	_ZN8MEPlayer19subToolsToWarehouseEP12ItemTypeData	MEPlayer::subToolsToWarehouse(ItemTypeData*)
0x00317ce9	0x00317ce8	24	1	_ZN8MEPlayer23addSoulStoneToWarehouseEii	MEPlayer::addSoulStoneToWarehouse(int, int)
0x00317d01	0x00317d00	24	1	_ZN8MEPlayer23subSoulStoneToWarehouseEii	MEPlayer::subSoulStoneToWarehouse(int, int)
0x00317d19	0x00317d18	46	1	_ZN8MEPlayer21addClothesToWarehouseEii	MEPlayer::addClothesToWarehouse(int, int)
0x00317d47	0x00317d46	20	1	_ZN8MEPlayer21subClothesToWarehouseEi	MEPlayer::subClothesToWarehouse(int)
0x00317d5b	0x00317d5a	20	1	_ZN8MEPlayer23addColorItemToWarehouseEP9ColorData	MEPlayer::addColorItemToWarehouse(ColorData*)
0x00317d6f	0x00317d6e	44	1	_ZN8MEPlayer23addColorItemToWarehouseEii	MEPlayer::addColorItemToWarehouse(int, int)
0x00317d9b	0x00317d9a	24	1	_ZN8MEPlayer23subColorItemToWarehouseEii	MEPlayer::subColorItemToWarehouse(int, int)
0x00317db3	0x00317db2	20	1	_ZN8MEPlayer19checkMatInWarehouseEj	MEPlayer::checkMatInWarehouse(unsigned int)
0x00317e3b	0x00317e3a	24	1	_ZN8MEPlayer13setPlayerNameEPN7cocos2d8CCStringE	MEPlayer::setPlayerName(cocos2d::CCString*)
0x00317e53	0x00317e52	30	1	_ZN8MEPlayer28setPlayerMinAndMaxMoveYValueEN7cocos2d7CCPointE	MEPlayer::setPlayerMinAndMaxMoveYValue(cocos2d::CCPoint)
0x00317e71	0x00317e70	192	1	_ZN8MEPlayer25removeTeamPlayerBatActionEv	MEPlayer::removeTeamPlayerBatAction()
0x00317f77	0x00317f76	2	1	_ZN8MEPlayer10pauseSoundEf	MEPlayer::pauseSound(float)
0x00317fb9	0x00317fb8	244	1	_ZN8MEPlayer25updateNewEquipWeaponsShowEv	MEPlayer::updateNewEquipWeaponsShow()
0x003180ad	0x003180ac	206	1	_ZN8MEPlayer16updateMovePlayerE13MEPLAYERSTATE	MEPlayer::updateMovePlayer(MEPLAYERSTATE)
0x0031817d	0x0031817c	292	1	_ZN8MEPlayer23AttachEquipWeaponEffectEP15WeaponsItemData	MEPlayer::AttachEquipWeaponEffect(WeaponsItemData*)
0x003182a1	0x003182a0	1240	1	_ZN8MEPlayer16createBatActionsEj	MEPlayer::createBatActions(unsigned int)
0x003187bd	0x003187bc	16	1	_ZN8MEPlayer24playerForntActionHLPointEv	MEPlayer::playerForntActionHLPoint()
0x003187cd	0x003187cc	14	1	_ZN8MEPlayer24updateFrontActionHLPointEv	MEPlayer::updateFrontActionHLPoint()
0x003187db	0x003187da	14	1	_ZN8MEPlayer31updateHLPointFrontActionHLPointEv	MEPlayer::updateHLPointFrontActionHLPoint()
0x003187e9	0x003187e8	94	1	_ZN8MEPlayer12setPlayerPosEN7cocos2d7CCPointE	MEPlayer::setPlayerPos(cocos2d::CCPoint)
0x003d69c9	0x003d69c8	88	1	_ZN11GameSceneUI17setSuperEnergyBarEf	GameSceneUI::setSuperEnergyBar(float)
0x00318a89	0x00318a88	52	1	_ZN8MEPlayer19setSuperEnergyValueEf	MEPlayer::setSuperEnergyValue(float)
0x00318abd	0x00318abc	12	1	_ZN8MEPlayer8comboHitEv	MEPlayer::comboHit()
0x00318ad1	0x00318ad0	142	1	_ZN8MEPlayer16isCollisionStateEv	MEPlayer::isCollisionState()
0x00318b5f	0x00318b5e	198	1	_ZN8MEPlayer17playerBoundingBoxEv	MEPlayer::playerBoundingBox()
0x00318c25	0x00318c24	180	1	_ZN8MEPlayer13updateHLValueEv	MEPlayer::updateHLValue()
0x00318cd9	0x00318cd8	152	1	_ZN8MEPlayer9AdjustPosEN7cocos2d7CCPointES1_	MEPlayer::AdjustPos(cocos2d::CCPoint, cocos2d::CCPoint)
0x00318d71	0x00318d70	28	1	_ZN8MEPlayer4drawEv	MEPlayer::draw()
0x00318d8d	0x00318d8c	1704	1	_ZN8MEPlayer13createActionsEj	MEPlayer::createActions(unsigned int)
0x00319435	0x00319434	1320	1	_ZN8MEPlayer17createTownActionsEj	MEPlayer::createTownActions(unsigned int)
0x0031995d	0x0031995c	32	1	_ZN8MEPlayer30HorizontalLineHeightDifferenceEv	MEPlayer::HorizontalLineHeightDifference()
0x0031997d	0x0031997c	26	1	_ZN8MEPlayer10isComboHitEv	MEPlayer::isComboHit()
0x003199dd	0x003199dc	12	1	_ZN8MEPlayer17tempComboHitCountEv	MEPlayer::tempComboHitCount()
0x003199e9	0x003199e8	36	1	_ZN8MEPlayer15isSoundComboHitEv	MEPlayer::isSoundComboHit()
0x00319a0d	0x00319a0c	12	1	_ZN8MEPlayer27setCurActionShadowHeightOffEf	MEPlayer::setCurActionShadowHeightOff(float)
0x00319aa1	0x00319aa0	8	1	_ZN8MEPlayer8rMissAtkEv	MEPlayer::rMissAtk()
0x00319aa9	0x00319aa8	4	1	_ZN8MEPlayer15consumeStrengthE13MEPLAYERSTATE	MEPlayer::consumeStrength(MEPLAYERSTATE)
0x00319aad	0x00319aac	2	1	_ZN8MEPlayer15stopPlayerSoundEv	MEPlayer::stopPlayerSound()
0x00319aaf	0x00319aae	10	1	_ZN8MEPlayer17curActionFrameIdxEv	MEPlayer::curActionFrameIdx()
0x00319ab9	0x00319ab8	10	1	_ZN8MEPlayer12renewDefenseEv	MEPlayer::renewDefense()
0x00319ad5	0x00319ad4	6	1	_ZN8MEPlayer17getPlayerComboNumEv	MEPlayer::getPlayerComboNum()
0x00319add	0x00319adc	204	1	_ZN8MEPlayer14setWeaponPowerEf	MEPlayer::setWeaponPower(float)
0x003d6e6d	0x003d6e6c	56	1	_ZN11GameSceneUI19showWeaponsPowerBarEiff	GameSceneUI::showWeaponsPowerBar(int, float, float)
0x00319ba9	0x00319ba8	204	1	_ZN8MEPlayer14addWeaponPowerEf	MEPlayer::addWeaponPower(float)
0x00319c75	0x00319c74	46	1	_ZN8MEPlayer13isEquipWeaponEP15WeaponsItemData	MEPlayer::isEquipWeapon(WeaponsItemData*)
0x00319ca5	0x00319ca4	2068	1	_ZN8MEPlayer18EnhanceActionStateEv	MEPlayer::EnhanceActionState()
0x003419d7	0x003419d6	104	1	_ZN9GameScene19setSceneScaleBack02Ev	GameScene::setSceneScaleBack02()
0x0031a4ed	0x0031a4ec	98	1	_ZN8MEPlayer10filpPlayerEb13MEPLAYERSTATE	MEPlayer::filpPlayer(bool, MEPLAYERSTATE)
0x0031a54f	0x0031a54e	8	1	_ZN8MEPlayer12isActionDoneEv	MEPlayer::isActionDone()
0x0031a557	0x0031a556	28	1	_ZN8MEPlayer14setToolsDamageEfj	MEPlayer::setToolsDamage(float, unsigned int)
0x0031a573	0x0031a572	22	1	_ZN8MEPlayer20setToolsDamageAbsorbEf	MEPlayer::setToolsDamageAbsorb(float)
0x0031a589	0x0031a588	6	1	_ZN8MEPlayer18setToolsSuperArmorEb	MEPlayer::setToolsSuperArmor(bool)
0x0031a591	0x0031a590	60	1	_ZN8MEPlayer13setToolsAngerEf	MEPlayer::setToolsAnger(float)
0x0031a5cd	0x0031a5cc	22	1	_ZN8MEPlayer11addAtkValueEf	MEPlayer::addAtkValue(float)
0x0031a5e3	0x0031a5e2	14	1	_ZN8MEPlayer19setToolsAddStrengthEi	MEPlayer::setToolsAddStrength(int)
0x0031a609	0x0031a608	6	1	_ZN8MEPlayer27setRondomMissionAddStrengthEf	MEPlayer::setRondomMissionAddStrength(float)
0x0031a621	0x0031a620	6	1	_ZN8MEPlayer18getBaseMaxStrengthEv	MEPlayer::getBaseMaxStrength()
0x003d6f27	0x003d6f26	40	1	_ZN11GameSceneUI14setStrengthBarEf	GameSceneUI::setStrengthBar(float)
0x0031a7a7	0x0031a7a6	4	1	_ZN8MEPlayer6isPickEPv	MEPlayer::isPick(void*)
0x0031a7ab	0x0031a7aa	60	1	_ZN8MEPlayer31ResurgenceInvincibleTranslucentEb	MEPlayer::ResurgenceInvincibleTranslucent(bool)
0x0031a7e9	0x0031a7e8	168	1	_ZN8MEPlayer16curPhyCanDefenseEj	MEPlayer::curPhyCanDefense(unsigned int)
0x0031a891	0x0031a890	84	1	_ZN8MEPlayer14setPlayerColorEbfff	MEPlayer::setPlayerColor(bool, float, float, float)
0x0031a8e5	0x0031a8e4	5508	1	_ZN8MEPlayer14switchLvActionE13MEPLAYERSTATEi	MEPlayer::switchLvAction(MEPLAYERSTATE, int)
0x0031be69	0x0031be68	84	1	_ZN8MEPlayer24subEndlessOnceLifeHealthEt	MEPlayer::subEndlessOnceLifeHealth(unsigned short)
0x0031bebd	0x0031bebc	48	1	_ZN8MEPlayer24addEndlessOnceLifeHealthEt	MEPlayer::addEndlessOnceLifeHealth(unsigned short)
0x0031beed	0x0031beec	30	1	_ZN8MEPlayer24setEndlessOnceLifeHealthEt	MEPlayer::setEndlessOnceLifeHealth(unsigned short)
0x0031bf0b	0x0031bf0a	68	1	_ZN8MEPlayer9setHealthEf	MEPlayer::setHealth(float)
0x003d6ef5	0x003d6ef4	50	1	_ZN11GameSceneUI12setHealthBarEf	GameSceneUI::setHealthBar(float)
0x003d6f4f	0x003d6f4e	12	1	_ZN11GameSceneUI16setTeamHealthBarEj	GameSceneUI::setTeamHealthBar(unsigned int)
0x0031bf9f	0x0031bf9e	6	1	_ZN8MEPlayer17setToolsAddHealthEi	MEPlayer::setToolsAddHealth(int)
0x00402701	0x00402700	44	1	_ZN18MissionDataManager20getLevelUpDataWithIdEj	MissionDataManager::getLevelUpDataWithId(unsigned int)
0x0031c15d	0x0031c15c	18	1	_ZN8MEPlayer12setMaxEnergyEf	MEPlayer::setMaxEnergy(float)
0x0031c16f	0x0031c16e	18	1	_ZN8MEPlayer19setRecoveryStrenghtEf	MEPlayer::setRecoveryStrenght(float)
0x0031c181	0x0031c180	6	1	_ZN8MEPlayer8setEventE11PLAYEREVENT	MEPlayer::setEvent(PLAYEREVENT)
0x0031c187	0x0031c186	2	1	_ZN8MEPlayer16initPlayerStatusEv	MEPlayer::initPlayerStatus()
0x0031c189	0x0031c188	30	1	_ZN8MEPlayer14getCurExpValueEv	MEPlayer::getCurExpValue()
0x0031c1a7	0x0031c1a6	38	1	_ZN8MEPlayer25getNextLevelsWantExpValueEv	MEPlayer::getNextLevelsWantExpValue()
0x0031c1cd	0x0031c1cc	36	1	_ZN8MEPlayer25getNextLevelsWantExpValueEi	MEPlayer::getNextLevelsWantExpValue(int)
0x0031c1fd	0x0031c1fc	34	1	_ZN8MEPlayer12UpdateStatusEv	MEPlayer::UpdateStatus()
0x0031c21f	0x0031c21e	188	1	_ZN8MEPlayer21health_And_PowerStateEv	MEPlayer::health_And_PowerState()
0x0031c3ed	0x0031c3ec	214	1	_ZN8MEPlayer10getGateExpEj	MEPlayer::getGateExp(unsigned int)
0x003d6615	0x003d6614	40	1	_ZN11GameSceneUI17setMePlayerLevelsEj	GameSceneUI::setMePlayerLevels(unsigned int)
0x0031c4c5	0x0031c4c4	156	1	_ZN8MEPlayer21resetHealth_Str_PowerEv	MEPlayer::resetHealth_Str_Power()
0x0031c561	0x0031c560	408	1	_ZN8MEPlayer18getAllDamageAbsorbEv	MEPlayer::getAllDamageAbsorb()
0x0031c6f9	0x0031c6f8	80	1	_ZN8MEPlayer9getAttackEv	MEPlayer::getAttack()
0x0031c755	0x0031c754	6	1	_ZN8MEPlayer25setControlsDirectionStateE13CONTROLSSTATE	MEPlayer::setControlsDirectionState(CONTROLSSTATE)
0x0031c75b	0x0031c75a	18	1	_ZN8MEPlayer12setPlayerDirE13PLAYERFACEDIR	MEPlayer::setPlayerDir(PLAYERFACEDIR)
0x0031c7b5	0x0031c7b4	42	1	_ZN8MEPlayer13isBeatenStateEv	MEPlayer::isBeatenState()
0x0031c7df	0x0031c7de	46	1	_ZN8MEPlayer17isSceneScaleStateEv	MEPlayer::isSceneScaleState()
0x0031c821	0x0031c820	94	1	_ZN8MEPlayer14isBackOffStateEv	MEPlayer::isBackOffState()
0x0031c87f	0x0031c87e	42	1	_ZN8MEPlayer17isInvincibleStateEv	MEPlayer::isInvincibleState()
0x0031c925	0x0031c924	34	1	_ZN8MEPlayer15isSelfMoveStateE13MEPLAYERSTATE	MEPlayer::isSelfMoveState(MEPLAYERSTATE)
0x0031c949	0x0031c948	272	1	_ZN8MEPlayer12movePlayer_TEN7cocos2d7CCPointE13MEPLAYERSTATE	MEPlayer::movePlayer_T(cocos2d::CCPoint, MEPLAYERSTATE)
0x0031ca59	0x0031ca58	644	1	_ZN8MEPlayer15player_sendDataEv	MEPlayer::player_sendData()
0x0031ccdd	0x0031ccdc	86	1	_ZN8MEPlayer10movePlayerEN7cocos2d7CCPointE	MEPlayer::movePlayer(cocos2d::CCPoint)
0x0031cd33	0x0031cd32	216	1	_ZN8MEPlayer18online_player_moveEv	MEPlayer::online_player_move()
0x0031ce0b	0x0031ce0a	332	1	_ZN8MEPlayer21setPlayerStateWithIdxE13MEPLAYERSTATEj	MEPlayer::setPlayerStateWithIdx(MEPLAYERSTATE, unsigned int)
0x0032e821	0x0032e820	34	1	_ZN13MEPlayerSound13setPlayedFlagEv	MEPlayerSound::setPlayedFlag()
0x0032e7e9	0x0032e7e8	56	1	_ZN13MEPlayerSound15stopSoundWithIDEi	MEPlayerSound::stopSoundWithID(int)
0x00340445	0x00340444	96	1	_ZN9GameScene21checkLimitSceneBorderEN7cocos2d7CCPointES1_RS1_	GameScene::checkLimitSceneBorder(cocos2d::CCPoint, cocos2d::CCPoint, cocos2d::CCPoint&)
0x0031d9c1	0x0031d9c0	792	1	_ZN8MEPlayer15playerMoveValueEN7cocos2d7CCPointE	MEPlayer::playerMoveValue(cocos2d::CCPoint)
0x0031dcd9	0x0031dcd8	216	1	_ZN8MEPlayer11resetPlayerEb	MEPlayer::resetPlayer(bool)
0x0032e741	0x0032e740	52	1	_ZN13MEPlayerSound15preloadAllSoundEv	MEPlayerSound::preloadAllSound()
0x0031ddb1	0x0031ddb0	62	1	_ZN8MEPlayer18setTeamActionStateE13MEPLAYERSTATEb	MEPlayer::setTeamActionState(MEPLAYERSTATE, bool)
0x0031ddef	0x0031ddee	394	1	_ZN8MEPlayer16setControlsStateE13CONTROLSSTATE	MEPlayer::setControlsState(CONTROLSSTATE)
0x0031df79	0x0031df78	108	1	_ZN8MEPlayer16setDirComboStateE13CONTROLSSTATE	MEPlayer::setDirComboState(CONTROLSSTATE)
0x0031dfe5	0x0031dfe4	1112	1	_ZN8MEPlayer23actionsComboNextActionsEv	MEPlayer::actionsComboNextActions()
0x0031e759	0x0031e758	188	1	_ZN8MEPlayer17player_send_FroceEv	MEPlayer::player_send_Froce()
0x0031e815	0x0031e814	204	1	_ZN8MEPlayer22player_sendSwitchSceneEv	MEPlayer::player_sendSwitchScene()
0x0031e8e1	0x0031e8e0	204	1	_ZN8MEPlayer26player_sendSwitchSceneDoneEv	MEPlayer::player_sendSwitchSceneDone()
0x0031e9ad	0x0031e9ac	54	1	_ZN8MEPlayer21player_sendHealthDataEv	MEPlayer::player_sendHealthData()
0x0031edf9	0x0031edf8	244	1	_ZN8MEPlayer16lansSkillsEffectEf	MEPlayer::lansSkillsEffect(float)
0x003d643d	0x003d643c	24	1	_ZN11GameSceneUI6gmDataEv	GameSceneUI::gmData()
0x003d79ad	0x003d79ac	220	1	_ZN11GameSceneUI17ShowFinalDamageUIEf	GameSceneUI::ShowFinalDamageUI(float)
0x00320f6d	0x00320f6c	96	1	_ZN8MEPlayer16addNewCPProgressEP20CPProgressRecordData	MEPlayer::addNewCPProgress(CPProgressRecordData*)
0x00320fcd	0x00320fcc	58	1	_ZN8MEPlayer23checkCPProgressWithCPIDEji	MEPlayer::checkCPProgressWithCPID(unsigned int, int)
0x0032102b	0x0032102a	42	1	_ZN8MEPlayer31getCPProRecordWithIndexAndGradeEji	MEPlayer::getCPProRecordWithIndexAndGrade(unsigned int, int)
0x00321099	0x00321098	866	1	_ZN8MEPlayer16setFunctionStateE13CONTROLSSTATE	MEPlayer::setFunctionState(CONTROLSSTATE)
0x003d6eef	0x003d6eee	6	1	_ZN11GameSceneUI14GetControlsObjEv	GameSceneUI::GetControlsObj()
0x003213fd	0x003213fc	60	1	_ZN8MEPlayer36getCPProgressRecordDataCount_noGradeEv	MEPlayer::getCPProgressRecordDataCount_noGrade()
0x00321439	0x00321438	176	1	_ZN8MEPlayer24getCPEnableLevelWithCPIDEji	MEPlayer::getCPEnableLevelWithCPID(unsigned int, int)
0x00321543	0x00321542	56	1	_ZN8MEPlayer30checkCPEndlessProgressWithCPIDEjj	MEPlayer::checkCPEndlessProgressWithCPID(unsigned int, unsigned int)
0x0032157b	0x0032157a	42	1	_ZN8MEPlayer30getCPEndlessProRecordWithIndexEjj	MEPlayer::getCPEndlessProRecordWithIndex(unsigned int, unsigned int)
0x003215a5	0x003215a4	50	1	_ZN8MEPlayer29getCPEndlessProRecordWithCPIDEjj	MEPlayer::getCPEndlessProRecordWithCPID(unsigned int, unsigned int)
0x003215ed	0x003215ec	84	1	_ZN8MEPlayer20ActionWithBlendColorEfN7cocos2d10_ccColor4BE	MEPlayer::ActionWithBlendColor(float, cocos2d::_ccColor4B)
0x00321641	0x00321640	56	1	_ZN8MEPlayer23ActionWithBlendColorNowEN7cocos2d10_ccColor4BE	MEPlayer::ActionWithBlendColorNow(cocos2d::_ccColor4B)
0x00321679	0x00321678	10	1	_ZN8MEPlayer21resetWeaponCountValueEv	MEPlayer::resetWeaponCountValue()
0x00321683	0x00321682	16	1	_ZN8MEPlayer11getForgeNumEv	MEPlayer::getForgeNum()
0x00321699	0x00321698	2612	1	_ZN8MEPlayer20setTalentSkillEffectEbii	MEPlayer::setTalentSkillEffect(bool, int, int)
0x003220d1	0x003220d0	68	1	_ZN8MEPlayer15setTalentEffectEbi	MEPlayer::setTalentEffect(bool, int)
0x00322137	0x00322136	40	1	_ZN8MEPlayer16createTalentDataEv	MEPlayer::createTalentData()
0x00322175	0x00322174	196	1	_ZN8MEPlayer16resetAllLvActionEv	MEPlayer::resetAllLvAction()
0x00322239	0x00322238	194	1	_ZN8MEPlayer16setSwithLvActionEii	MEPlayer::setSwithLvAction(int, int)
0x003222fd	0x003222fc	204	1	_ZN8MEPlayer17initActionsSystemEv	MEPlayer::initActionsSystem()
0x003223c9	0x003223c8	18	1	_ZN8MEPlayer25createTeamPlayerActionResEv	MEPlayer::createTeamPlayerActionRes()
0x003223dd	0x003223dc	60	1	_ZN8MEPlayer12setChapterIDEi	MEPlayer::setChapterID(int)
0x00322419	0x00322418	64	1	_ZN8MEPlayer12getChapterIDEv	MEPlayer::getChapterID()
0x00322459	0x00322458	12	1	_ZN8MEPlayer9setGateIdEi	MEPlayer::setGateId(int)
0x00322465	0x00322464	40	1	_ZN8MEPlayer13getLastGateIdEv	MEPlayer::getLastGateId()
0x00322499	0x00322498	2	1	_ZN8MEPlayer16restoreColorCastEv	MEPlayer::restoreColorCast()
0x0032249b	0x0032249a	2	1	_ZN8MEPlayer30removeTeamPlayerFightActionResEv	MEPlayer::removeTeamPlayerFightActionRes()
0x0032249d	0x0032249c	2	1	_ZN8MEPlayer18restoreTestClothesEv	MEPlayer::restoreTestClothes()
0x003224a1	0x003224a0	224	1	_ZN8MEPlayer16removeClothesResEjii	MEPlayer::removeClothesRes(unsigned int, int, int)
0x00322581	0x00322580	884	1	_ZN8MEPlayer13reloadActionsEv	MEPlayer::reloadActions()
0x003228f5	0x003228f4	184	1	_ZN8MEPlayer13addClothesResEjii	MEPlayer::addClothesRes(unsigned int, int, int)
0x003229ad	0x003229ac	48	1	_ZN8MEPlayer27addTeamPlayerFightActionResEv	MEPlayer::addTeamPlayerFightActionRes()
0x003229dd	0x003229dc	60	1	_ZN8MEPlayer24setPlayerWaterLevelValueEf	MEPlayer::setPlayerWaterLevelValue(float)
0x00322a19	0x00322a18	6	1	_ZN8MEPlayer29getPlayerActionCutObjectArrayEv	MEPlayer::getPlayerActionCutObjectArray()
0x00322a21	0x00322a20	56	1	_ZN8MEPlayer22actionWithHPointOffsetEv	MEPlayer::actionWithHPointOffset()
0x00322a6d	0x00322a6c	94	1	_ZN8MEPlayer21UpdateEquipSuitEffectEf	MEPlayer::UpdateEquipSuitEffect(float)
0x00322acd	0x00322acc	1428	1	_ZN8MEPlayer4tickEf	MEPlayer::tick(float)
0x003d6ea5	0x003d6ea4	72	1	_ZN11GameSceneUI14dtWeaponsPowerEf	GameSceneUI::dtWeaponsPower(float)
0x003d67ad	0x003d67ac	12	1	_ZN11GameSceneUI10nextLessonE13MEPLAYERSTATE	GameSceneUI::nextLesson(MEPLAYERSTATE)
0x003230a9	0x003230a8	64	1	_ZN8MEPlayer19subEquipToWarehouseEP13EquipItemData	MEPlayer::subEquipToWarehouse(EquipItemData*)
0x003230e9	0x003230e8	6	1	_ZN8MEPlayer12isSuperArmorEv	MEPlayer::isSuperArmor()
0x003230f1	0x003230f0	72	1	_ZN8MEPlayer17setEquipSteelBodyEb	MEPlayer::setEquipSteelBody(bool)
0x00323139	0x00323138	60	1	_ZN8MEPlayer22matchWeaponsAnimEffectE18WEAPON_EFFECT_TYPE	MEPlayer::matchWeaponsAnimEffect(WEAPON_EFFECT_TYPE)
0x00323175	0x00323174	84	1	_ZN8MEPlayer20createHeroActionsResEv	MEPlayer::createHeroActionsRes()
0x003231c9	0x003231c8	118	1	_ZN8MEPlayer11smc_GotoPosEN7cocos2d7CCPointE	MEPlayer::smc_GotoPos(cocos2d::CCPoint)
0x0032323f	0x0032323e	6	1	_ZN8MEPlayer23getEquipAddDamageAbsorbEv	MEPlayer::getEquipAddDamageAbsorb()
0x00323245	0x00323244	6	1	_ZN8MEPlayer17getEquipAddAttackEv	MEPlayer::getEquipAddAttack()
0x0032324d	0x0032324c	696	1	_ZN8MEPlayerD2Ev	MEPlayer::~MEPlayer()
0x0032324d	0x0032324c	696	1	_ZN8MEPlayerD1Ev	MEPlayer::~MEPlayer()
0x00323505	0x00323504	8	1	_ZThn224_N8MEPlayerD1Ev	non-virtual thunk to MEPlayer::~MEPlayer()
0x0032350d	0x0032350c	18	1	_ZN8MEPlayerD0Ev	MEPlayer::~MEPlayer()
0x0032351f	0x0032351e	8	1	_ZThn224_N8MEPlayerD0Ev	non-virtual thunk to MEPlayer::~MEPlayer()
0x00323529	0x00323528	84	1	_ZN8MEPlayer7setGoldEj	MEPlayer::setGold(unsigned int)
0x0032357d	0x0032357c	76	1	_ZN8MEPlayer9setMingbiEj	MEPlayer::setMingbi(unsigned int)
0x003235c9	0x003235c8	76	1	_ZN8MEPlayer10setDiamondEj	MEPlayer::setDiamond(unsigned int)
0x00323615	0x00323614	72	1	_ZN8MEPlayer16setMercenarySoulEj	MEPlayer::setMercenarySoul(unsigned int)
0x0032365d	0x0032365c	76	1	_ZN8MEPlayer20setWeaponsSoulsPointEj	MEPlayer::setWeaponsSoulsPoint(unsigned int)
0x003236a9	0x003236a8	208	1	_ZN12MEPlayerData4initEv	MEPlayerData::init()
0x0032390d	0x0032390c	62	1	_ZN8MEPlayer15bExtremityJopIDEiii	MEPlayer::bExtremityJopID(int, int, int)
0x0032394b	0x0032394a	108	1	_ZN8MEPlayer17addExtremityJopIDEiii	MEPlayer::addExtremityJopID(int, int, int)
0x003239b7	0x003239b6	114	1	_ZN8MEPlayer22setExtremityJopReceiveEiii	MEPlayer::setExtremityJopReceive(int, int, int)
0x00323a29	0x00323a28	268	1	_ZN8MEPlayer16getColorCastDataEt	MEPlayer::getColorCastData(unsigned short)
0x00323b35	0x00323b34	12	1	_ZN8MEPlayer13testColorCastEt	MEPlayer::testColorCast(unsigned short)
0x00323b41	0x00323b40	16	1	_ZN8MEPlayer15getCurColorDataEv	MEPlayer::getCurColorData()
0x00323b51	0x00323b50	428	1	_ZN8MEPlayer12setColorCastEt	MEPlayer::setColorCast(unsigned short)
0x00323dd5	0x00323dd4	760	1	_ZN8MEPlayer21equipMissionForBattleEv	MEPlayer::equipMissionForBattle()
0x004025f9	0x004025f8	70	1	_ZN18MissionDataManager28addRewardBuffLeftTimesWithIdEji	MissionDataManager::addRewardBuffLeftTimesWithId(unsigned int, int)
0x003240cd	0x003240cc	92	1	_ZN12MEPlayerData23subEndlessOneLifeHealthEt	MEPlayerData::subEndlessOneLifeHealth(unsigned short)
0x00324193	0x00324192	58	1	_ZN8MEPlayer15plusMinusMingbiEi	MEPlayer::plusMinusMingbi(int)
0x003241cd	0x003241cc	18	1	_ZN8MEPlayer9getMingbiEv	MEPlayer::getMingbi()
0x00324219	0x00324218	18	1	_ZN8MEPlayer10getDiamondEv	MEPlayer::getDiamond()
0x0032422b	0x0032422a	34	1	_ZN8MEPlayer22plusMinusMercenarySoulEi	MEPlayer::plusMinusMercenarySoul(int)
0x0032424d	0x0032424c	38	1	_ZN8MEPlayer16getMercenarySoulEv	MEPlayer::getMercenarySoul()
0x00324273	0x00324272	18	1	_ZN8MEPlayer22getPlayerEndlessHealthEv	MEPlayer::getPlayerEndlessHealth()
0x00324285	0x00324284	96	1	_ZN12MEPlayerData23addEndlessOneLifeHealthEt	MEPlayerData::addEndlessOneLifeHealth(unsigned short)
0x00324309	0x00324308	104	1	_ZN12MEPlayerData23addEndlessPhysicalPowerEi	MEPlayerData::addEndlessPhysicalPower(int)
0x0032468d	0x0032468c	284	1	_ZN8MEPlayerC2Ev	MEPlayer::MEPlayer()
0x0032468d	0x0032468c	284	1	_ZN8MEPlayerC1Ev	MEPlayer::MEPlayer()
0x003247a9	0x003247a8	106	1	_ZN8MEPlayer17creinitWithMENameEPN7cocos2d8CCStringEP9GameSceneNS0_7CCPointEjbjj	MEPlayer::creinitWithMEName(cocos2d::CCString*, GameScene*, cocos2d::CCPoint, unsigned int, bool, unsigned int, unsigned int)
0x00324815	0x00324814	452	1	_ZN8MEPlayer24getColorCastDataWithDataEiii	MEPlayer::getColorCastDataWithData(int, int, int)
0x003249d9	0x003249d8	168	1	_ZN8MEPlayer12setColorFileEj	MEPlayer::setColorFile(unsigned int)
0x00324a81	0x00324a80	1044	1	_ZN8MEPlayer14initWithMENameEPN7cocos2d8CCStringEP9GameSceneNS0_7CCPointEjbjj	MEPlayer::initWithMEName(cocos2d::CCString*, GameScene*, cocos2d::CCPoint, unsigned int, bool, unsigned int, unsigned int)
0x003426bd	0x003426bc	236	1	_ZN9GameScene25AllotPassLevelsExtraAwardEv	GameScene::AllotPassLevelsExtraAward()
0x00342139	0x00342138	522	1	_ZN9GameScene11gateCompleREv	GameScene::gateCompleR()
0x00325031	0x00325030	142	1	_ZN8MEPlayer15setActorClothesEtt	MEPlayer::setActorClothes(unsigned short, unsigned short)
0x003250bf	0x003250be	190	1	_ZN8MEPlayer23addNewCPEndlessProgressEjP20CPProgressRecordData	MEPlayer::addNewCPEndlessProgress(unsigned int, CPProgressRecordData*)
0x0032517d	0x0032517c	420	1	_ZN8MEPlayer19dataEyeToolAnalysisEP12ItemTypeData	MEPlayer::dataEyeToolAnalysis(ItemTypeData*)
0x00325321	0x00325320	120	1	_ZN15MEPlayerManagerD2Ev	MEPlayerManager::~MEPlayerManager()
0x00325321	0x00325320	120	1	_ZN15MEPlayerManagerD1Ev	MEPlayerManager::~MEPlayerManager()
0x00325399	0x00325398	8	1	_ZThn224_N15MEPlayerManagerD1Ev	non-virtual thunk to MEPlayerManager::~MEPlayerManager()
0x003253a1	0x003253a0	18	1	_ZN15MEPlayerManagerD0Ev	MEPlayerManager::~MEPlayerManager()
0x003253b3	0x003253b2	8	1	_ZThn224_N15MEPlayerManagerD0Ev	non-virtual thunk to MEPlayerManager::~MEPlayerManager()
0x003253bd	0x003253bc	172	1	_ZN15MEPlayerManager19initMEPlayerManagerEP9GameScenej	MEPlayerManager::initMEPlayerManager(GameScene*, unsigned int)
0x00325469	0x00325468	64	1	_ZN15MEPlayerManagerC2Ev	MEPlayerManager::MEPlayerManager()
0x00325469	0x00325468	64	1	_ZN15MEPlayerManagerC1Ev	MEPlayerManager::MEPlayerManager()
0x0032550d	0x0032550c	324	1	_ZN15MEPlayerManager10addPlayer2ER9actorDataR15equipWeaponData	MEPlayerManager::addPlayer2(actorData&, equipWeaponData&)
0x00325651	0x00325650	2	1	_ZN15MEPlayerManager13setPlayerNameEPSsj	MEPlayerManager::setPlayerName(std::basic_string<char, std::char_traits<char>, std::allocator<char> >*, unsigned int)
0x00325653	0x00325652	2	1	_ZN15MEPlayerManager14hidePlaeyrNameEv	MEPlayerManager::hidePlaeyrName()
0x00325655	0x00325654	44	1	_ZN15MEPlayerManager13removePlayer2Ev	MEPlayerManager::removePlayer2()
0x003256a9	0x003256a8	46	1	_ZN15MEPlayerManager4tickEf	MEPlayerManager::tick(float)
0x003256d7	0x003256d6	48	1	_ZN15MEPlayerManager7deallocEv	MEPlayerManager::dealloc()
0x0032e471	0x0032e470	40	1	_ZN13MEPlayerSoundD2Ev	MEPlayerSound::~MEPlayerSound()
0x0032e471	0x0032e470	40	1	_ZN13MEPlayerSoundD1Ev	MEPlayerSound::~MEPlayerSound()
0x0032e499	0x0032e498	18	1	_ZN13MEPlayerSoundD0Ev	MEPlayerSound::~MEPlayerSound()
0x0032e525	0x0032e524	32	1	_ZN13MEPlayerSoundC2Ev	MEPlayerSound::MEPlayerSound()
0x0032e525	0x0032e524	32	1	_ZN13MEPlayerSoundC1Ev	MEPlayerSound::MEPlayerSound()
0x0032e545	0x0032e544	444	1	_ZN13MEPlayerSound19LoadSoundConfigFileEPKc	MEPlayerSound::LoadSoundConfigFile(char const*)
0x0032e701	0x0032e700	10	1	_ZN13MEPlayerSound25initMEPlayerSoundWithFileEPKc	MEPlayerSound::initMEPlayerSoundWithFile(char const*)
0x003d8dc5	0x003d8dc4	324	1	_ZN11GameSceneUI24updateShowSoulsStateIconE15SoulsStateArray	GameSceneUI::updateShowSoulsStateIcon(SoulsStateArray)
0x0033a767	0x0033a766	34	1	_ZN12GameSaveData6EncodeEPciS0_j	GameSaveData::Encode(char*, int, char*, unsigned int)
0x0033a789	0x0033a788	34	1	_ZN12GameSaveData6DecodeEPciS0_j	GameSaveData::Decode(char*, int, char*, unsigned int)
0x0033a7ab	0x0033a7aa	178	1	_ZN12GameSaveData11getFileDataEPKcPm	GameSaveData::getFileData(char const*, unsigned long*)
0x0033ab39	0x0033ab38	52	1	_ZN12GameSaveData22getCPProRecordWithCPIDEji	GameSaveData::getCPProRecordWithCPID(unsigned int, int)
0x0033abed	0x0033abec	46	1	_ZN12GameSaveData29getCPEndlessProRecordWithCPIDEjj	GameSaveData::getCPEndlessProRecordWithCPID(unsigned int, unsigned int)
0x0033accd	0x0033accc	44	1	_ZN12GameSaveData23getRandomMissDataWithIDEj	GameSaveData::getRandomMissDataWithID(unsigned int)
0x0033ad8b	0x0033ad8a	44	1	_ZN12GameSaveData31getEquipRandomMissionDataWithIdEj	GameSaveData::getEquipRandomMissionDataWithId(unsigned int)
0x0033ae25	0x0033ae24	620	1	_ZN12GameSaveData17checkSaveFileDataEPcmi	GameSaveData::checkSaveFileData(char*, unsigned long, int)
0x0033b6cd	0x0033b6cc	900	1	_ZN12GameSaveData16initGameSaveDataEj	GameSaveData::initGameSaveData(unsigned int)
0x0033d081	0x0033d080	4	1	_ZN12GameSaveData6createEj	GameSaveData::create(unsigned int)
0x0033d085	0x0033d084	228	1	_ZN12GameSaveDataC2Ev	GameSaveData::GameSaveData()
0x0033d085	0x0033d084	228	1	_ZN12GameSaveDataC1Ev	GameSaveData::GameSaveData()
0x0033e4a5	0x0033e4a4	38	1	_ZN12GameSaveData4readEPcjm	GameSaveData::read(char*, unsigned int, unsigned long)
0x0033e4cd	0x0033e4cc	452	1	_ZN12GameSaveData14downFromIcouldEPc	GameSaveData::downFromIcould(char*)
0x0033e71d	0x0033e71c	544	1	_ZN12GameSaveDataD2Ev	GameSaveData::~GameSaveData()
0x0033e71d	0x0033e71c	544	1	_ZN12GameSaveDataD1Ev	GameSaveData::~GameSaveData()
0x0033e93d	0x0033e93c	18	1	_ZN12GameSaveDataD0Ev	GameSaveData::~GameSaveData()
0x0033efd1	0x0033efd0	10	1	_ZN22GameSceneGroupShowFlag4initEv	GameSceneGroupShowFlag::init()
0x0033efdb	0x0033efda	36	1	_ZN9GameScene13SuondCallbackEPN7cocos2d6CCNodeEPv	GameScene::SuondCallback(cocos2d::CCNode*, void*)
0x0033efff	0x0033effe	4	1	_ZN9GameScene4drawEv	GameScene::draw()
0x0033f005	0x0033f004	28	1	_ZN22GameSceneGroupShowFlagD2Ev	GameSceneGroupShowFlag::~GameSceneGroupShowFlag()
0x0033f005	0x0033f004	28	1	_ZN22GameSceneGroupShowFlagD1Ev	GameSceneGroupShowFlag::~GameSceneGroupShowFlag()
0x0033f021	0x0033f020	18	1	_ZN22GameSceneGroupShowFlagD0Ev	GameSceneGroupShowFlag::~GameSceneGroupShowFlag()
0x0033f0eb	0x0033f0ea	30	1	_ZN9GameScene27registerWithTouchDispatcherEv	GameScene::registerWithTouchDispatcher()
0x0033f109	0x0033f108	48	1	_ZN9GameScene12ccTouchMovedEPN7cocos2d7CCTouchEPNS0_7CCEventE	GameScene::ccTouchMoved(cocos2d::CCTouch*, cocos2d::CCEvent*)
0x0033f139	0x0033f138	8	1	_ZThn224_N9GameScene12ccTouchMovedEPN7cocos2d7CCTouchEPNS0_7CCEventE	non-virtual thunk to GameScene::ccTouchMoved(cocos2d::CCTouch*, cocos2d::CCEvent*)
0x0033f141	0x0033f140	50	1	_ZN9GameScene12ccTouchBeganEPN7cocos2d7CCTouchEPNS0_7CCEventE	GameScene::ccTouchBegan(cocos2d::CCTouch*, cocos2d::CCEvent*)
0x0033f173	0x0033f172	8	1	_ZThn224_N9GameScene12ccTouchBeganEPN7cocos2d7CCTouchEPNS0_7CCEventE	non-virtual thunk to GameScene::ccTouchBegan(cocos2d::CCTouch*, cocos2d::CCEvent*)
0x0033f17d	0x0033f17c	200	1	_ZN9GameScene6showCGEPN7cocos2d8CCObjectE	GameScene::showCG(cocos2d::CCObject*)
0x003d6bc9	0x003d6bc8	104	1	_ZN11GameSceneUI9showVideoEi	GameSceneUI::showVideo(int)
0x0033f271	0x0033f270	100	1	_ZN18GameSceneEventNode6createEv	GameSceneEventNode::create()
0x0034bdc5	0x0034bdc4	24	1	_ZN18GameSceneEventNode4initEv	GameSceneEventNode::init()
0x0033f309	0x0033f308	72	1	_ZN22GameSceneGroupShowFlag6createEv	GameSceneGroupShowFlag::create()
0x0033f3b1	0x0033f3b0	164	1	_ZN9GameScene17dialogEndCallBackEi	GameScene::dialogEndCallBack(int)
0x003d7beb	0x003d7bea	46	1	_ZN11GameSceneUI13showStorePaneEi	GameSceneUI::showStorePane(int)
0x003d7f4b	0x003d7f4a	36	1	_ZN11GameSceneUI13showMissionUIEv	GameSceneUI::showMissionUI()
0x003d8075	0x003d8074	68	1	_ZN11GameSceneUI21showMatWarehouseWorldEi	GameSceneUI::showMatWarehouseWorld(int)
0x003d7ea1	0x003d7ea0	60	1	_ZN11GameSceneUI17showWarehousePaneEi	GameSceneUI::showWarehousePane(int)
0x003d7ce1	0x003d7ce0	60	1	_ZN11GameSceneUI19showEndlessMooePaneEi	GameSceneUI::showEndlessMooePane(int)
0x0033f455	0x0033f454	8	1	_ZThn260_N9GameScene17dialogEndCallBackEi	non-virtual thunk to GameScene::dialogEndCallBack(int)
0x0033f45d	0x0033f45c	252	1	_ZN9GameSceneC2Ev	GameScene::GameScene()
0x0033f45d	0x0033f45c	252	1	_ZN9GameSceneC1Ev	GameScene::GameScene()
0x0033f575	0x0033f574	608	1	_ZN9GameScene13initWithUIObjEv	GameScene::initWithUIObj()
0x0033f805	0x0033f804	52	1	_ZN9GameScene15createWithUIObjEv	GameScene::createWithUIObj()
0x0033f839	0x0033f838	1672	1	_ZN9GameScene14firstEnterNodeEv	GameScene::firstEnterNode()
0x0033fefb	0x0033fefa	6	1	_ZN9GameScene10isTryAgainEb	GameScene::isTryAgain(bool)
0x0033ff01	0x0033ff00	18	1	_ZN9GameScene13pauseAllEnemyEf	GameScene::pauseAllEnemy(float)
0x0033ff2d	0x0033ff2c	2	1	_ZN9GameScene22createHideTaskGSObjectEv	GameScene::createHideTaskGSObject()
0x0033ff2f	0x0033ff2e	2	1	_ZN9GameScene21createEndlessGSObjectEv	GameScene::createEndlessGSObject()
0x0033ff31	0x0033ff30	2	1	_ZN9GameScene20createRandomGSObjectEv	GameScene::createRandomGSObject()
0x003d67d1	0x003d67d0	14	1	_ZN11GameSceneUI16isCompalteLessonEv	GameSceneUI::isCompalteLesson()
0x0033ff5d	0x0033ff5c	10	1	_ZN9GameScene19removeCurSceneSTObjEjj	GameScene::removeCurSceneSTObj(unsigned int, unsigned int)
0x0033ff67	0x0033ff66	2	1	_ZN9GameScene21remvoeIndexSceneSTObjEjj	GameScene::remvoeIndexSceneSTObj(unsigned int, unsigned int)
0x0033ff69	0x0033ff68	4	1	_ZN9GameScene15enemyNumAtIndexEj	GameScene::enemyNumAtIndex(unsigned int)
0x0033ff6d	0x0033ff6c	18	1	_ZN9GameScene33removeSetControlPositionGuideTipsEv	GameScene::removeSetControlPositionGuideTips()
0x0033ff7f	0x0033ff7e	24	1	_ZN9GameScene16setControlsStateE13CONTROLSSTATE	GameScene::setControlsState(CONTROLSSTATE)
0x0033ff97	0x0033ff96	24	1	_ZN9GameScene16setFunctionStateE13CONTROLSSTATE	GameScene::setFunctionState(CONTROLSSTATE)
0x0033ffaf	0x0033ffae	20	1	_ZN9GameScene25setControlsDirectionStateE13CONTROLSSTATE	GameScene::setControlsDirectionState(CONTROLSSTATE)
0x0033ffc3	0x0033ffc2	24	1	_ZN9GameScene16setDirComboStateE13CONTROLSSTATE	GameScene::setDirComboState(CONTROLSSTATE)
0x0033ffdb	0x0033ffda	2	1	_ZN9GameScene9playSoundE13MEPLAYERSTATE	GameScene::playSound(MEPLAYERSTATE)
0x0033ffdd	0x0033ffdc	300	1	_ZN9GameScene17TriggerGame070103Ev	GameScene::TriggerGame070103()
0x00340109	0x00340108	4	1	_ZN9GameScene17TriggerGame080102Ev	GameScene::TriggerGame080102()
0x0034010d	0x0034010c	352	1	_ZN9GameScene17TriggerGame090104Ev	GameScene::TriggerGame090104()
0x0034026d	0x0034026c	60	1	_ZN9GameScene17TriggerGame160102Ev	GameScene::TriggerGame160102()
0x003402e5	0x003402e4	88	1	_ZN9GameScene17TriggerGame210103Ev	GameScene::TriggerGame210103()
0x0034033d	0x0034033c	60	1	_ZN9GameScene17TriggerGame230103Ev	GameScene::TriggerGame230103()
0x00340379	0x00340378	116	1	_ZN9GameScene17TriggerGame240103Ev	GameScene::TriggerGame240103()
0x003403ed	0x003403ec	88	1	_ZN9GameScene16TriggerGameStoryEv	GameScene::TriggerGameStory()
0x003404a5	0x003404a4	394	1	_ZN9GameScene16limitSceneBorderEP8MEPlayerRN7cocos2d7CCPointES4_S4_	GameScene::limitSceneBorder(MEPlayer*, cocos2d::CCPoint&, cocos2d::CCPoint&, cocos2d::CCPoint&)
0x00340673	0x00340672	34	1	_ZN9GameScene15setPlayerNewPosEN7cocos2d7CCPointE	GameScene::setPlayerNewPos(cocos2d::CCPoint)
0x00340695	0x00340694	2	1	_ZN9GameScene13vibrationStopEf	GameScene::vibrationStop(float)
0x00340697	0x00340696	308	1	_ZN9GameScene21setGroupVisibleWithIDEjb	GameScene::setGroupVisibleWithID(unsigned int, bool)
0x003407cb	0x003407ca	132	1	_ZN9GameScene20updateTownLevelUpResEv	GameScene::updateTownLevelUpRes()
0x0034a729	0x0034a728	216	1	_ZN19GameSceneClassLayer20isEnemyContainsPointEN7cocos2d7CCPointEP11EnemyObject	GameSceneClassLayer::isEnemyContainsPoint(cocos2d::CCPoint, EnemyObject*)
0x0034086d	0x0034086c	332	1	_ZN9GameScene17TriggerEnemyEventEv	GameScene::TriggerEnemyEvent()
0x003409b9	0x003409b8	28	1	_ZN9GameScene14TriggerGSEventEj	GameScene::TriggerGSEvent(unsigned int)
0x0034b16b	0x0034b16a	50	1	_ZN19GameSceneClassLayer12TriggerEventEi	GameSceneClassLayer::TriggerEvent(int)
0x003409d5	0x003409d4	28	1	_ZN9GameScene17EndTriggerGSEventEj	GameScene::EndTriggerGSEvent(unsigned int)
0x0034b1cf	0x0034b1ce	42	1	_ZN19GameSceneClassLayer17EndTriggerGSEventEj	GameSceneClassLayer::EndTriggerGSEvent(unsigned int)
0x00340c2d	0x00340c2c	94	1	_ZN9GameScene21removeCameraTrackMoveEi	GameScene::removeCameraTrackMove(int)
0x00340c8b	0x00340c8a	56	1	_ZN9GameScene18addCameraTrackMoveEfN7cocos2d7CCPointES1_i	GameScene::addCameraTrackMove(float, cocos2d::CCPoint, cocos2d::CCPoint, int)
0x00340cc3	0x00340cc2	250	1	_ZN9GameScene25addCameraTrackMoveToEnemyEfjN7cocos2d7CCPointE	GameScene::addCameraTrackMoveToEnemy(float, unsigned int, cocos2d::CCPoint)
0x00340dbd	0x00340dbc	258	1	_ZN9GameScene28addCameraTrackMoveToGS_EventEfjN7cocos2d7CCPointE	GameScene::addCameraTrackMoveToGS_Event(float, unsigned int, cocos2d::CCPoint)
0x0034e4f1	0x0034e4f0	16	1	_ZN15GameSceneObject14GetSceneSpDataEi	GameSceneObject::GetSceneSpData(int)
0x00340ebf	0x00340ebe	158	1	_ZN9GameScene11getEventPosEj	GameScene::getEventPos(unsigned int)
0x00340f5d	0x00340f5c	62	1	_ZN9GameScene23addCameraTrackMoveToPosEfN7cocos2d7CCPointE	GameScene::addCameraTrackMoveToPos(float, cocos2d::CCPoint)
0x00340f9b	0x00340f9a	62	1	_ZN9GameScene26addCameraTrackMoveToOrgPosEf	GameScene::addCameraTrackMoveToOrgPos(float)
0x00340fd9	0x00340fd8	16	1	_ZN9GameScene21isCameraTrackMoveDoneEi	GameScene::isCameraTrackMoveDone(int)
0x00340fe9	0x00340fe8	98	1	_ZN9GameScene15cameraTrackMoveEv	GameScene::cameraTrackMove()
0x0034104b	0x0034104a	44	1	_ZN9GameScene19addCameraTrackZMoveEff	GameScene::addCameraTrackZMove(float, float)
0x00341077	0x00341076	102	1	_ZN9GameScene17updateCameraTrackEf	GameScene::updateCameraTrack(float)
0x003410dd	0x003410dc	60	1	_ZN9GameScene15adjustPlayerPosEi	GameScene::adjustPlayerPos(int)
0x00341119	0x00341118	768	1	_ZN9GameScene17loadGameSceneListEPKc	GameScene::loadGameSceneList(char const*)
0x00341419	0x00341418	280	1	_ZN9GameScene27loadEndlessPliesAndBossDataEj	GameScene::loadEndlessPliesAndBossData(unsigned int)
0x0034153b	0x0034153a	10	1	_ZN9GameScene8isLoadedEv	GameScene::isLoaded()
0x00341545	0x00341544	48	1	_ZN9GameScene14GameSceneEventE14GAMESCENEEVENTf	GameScene::GameSceneEvent(GAMESCENEEVENT, float)
0x0034176d	0x0034176c	70	1	_ZN9GameScene20setSceneScaleWithPosEN7cocos2d7CCPointE	GameScene::setSceneScaleWithPos(cocos2d::CCPoint)
0x0034b715	0x0034b714	144	1	_ZN19GameSceneClassLayer27setSpecialLayerScaleWithPosEN7cocos2d7CCPointE	GameSceneClassLayer::setSpecialLayerScaleWithPos(cocos2d::CCPoint)
0x0034b7a5	0x0034b7a4	124	1	_ZN19GameSceneClassLayer31setSpecialLayerScaleBackWithPosEN7cocos2d7CCPointE	GameSceneClassLayer::setSpecialLayerScaleBackWithPos(cocos2d::CCPoint)
0x0034b2a9	0x0034b2a8	448	1	_ZN19GameSceneClassLayer20setSpecialLayerScaleEN7cocos2d7CCPointE	GameSceneClassLayer::setSpecialLayerScale(cocos2d::CCPoint)
0x003d6c49	0x003d6c48	2	1	_ZN11GameSceneUI12showBloodRedEv	GameSceneUI::showBloodRed()
0x00341863	0x00341862	78	1	_ZN9GameScene15setSceneScale02Ej	GameScene::setSceneScale02(unsigned int)
0x003418b1	0x003418b0	104	1	_ZN9GameScene15setSceneScale03Effj	GameScene::setSceneScale03(float, float, unsigned int)
0x0034b231	0x0034b230	114	1	_ZN19GameSceneClassLayer13setLayerScaleEffiN7cocos2d7CCPointE	GameSceneClassLayer::setLayerScale(float, float, int, cocos2d::CCPoint)
0x00341919	0x00341918	92	1	_ZN9GameScene22setSceneScaleBackEnemyEj	GameScene::setSceneScaleBackEnemy(unsigned int)
0x0034b695	0x0034b694	128	1	_ZN19GameSceneClassLayer26setSpecialLayerScaleBack02EN7cocos2d7CCPointE	GameSceneClassLayer::setSpecialLayerScaleBack02(cocos2d::CCPoint)
0x0034b469	0x0034b468	556	1	_ZN19GameSceneClassLayer24setSpecialLayerScaleBackEN7cocos2d7CCPointE	GameSceneClassLayer::setSpecialLayerScaleBack(cocos2d::CCPoint)
0x00341a3f	0x00341a3e	42	1	_ZN9GameScene15clearGateRecordEv	GameScene::clearGateRecord()
0x00341a69	0x00341a68	16	1	_ZN9GameScene28EndlessGotoEndlessChanceTownEv	GameScene::EndlessGotoEndlessChanceTown()
0x00341a79	0x00341a78	38	1	_ZN9GameScene18BackToTranscriptUIEv	GameScene::BackToTranscriptUI()
0x003d71dd	0x003d71dc	70	1	_ZN11GameSceneUI21hideControlsAttackKeyEv	GameSceneUI::hideControlsAttackKey()
0x003d70c3	0x003d70c2	20	1	_ZN11GameSceneUI11hideToolsUIEv	GameSceneUI::hideToolsUI()
0x00341a9f	0x00341a9e	36	1	_ZN9GameScene21BackToRandomMissionUIEv	GameScene::BackToRandomMissionUI()
0x00341ac3	0x00341ac2	110	1	_ZN9GameScene26setSceneSwitchEventDisableEb	GameScene::setSceneSwitchEventDisable(bool)
0x0034d2bf	0x0034d2be	50	1	_ZN15GameSceneObject15setEventDisableEb	GameSceneObject::setEventDisable(bool)
0x00341d71	0x00341d70	248	1	_ZN9GameScene21playerWithEnemyPosRelEv	GameScene::playerWithEnemyPosRel()
0x003432f5	0x003432f4	96	1	_ZN9GameScene14gsValueFadeOutEPN7cocos2d8CCObjectE	GameScene::gsValueFadeOut(cocos2d::CCObject*)
0x00341fa1	0x00341fa0	208	1	_ZN9GameScene18switchSceneFadeOutEv	GameScene::switchSceneFadeOut()
0x003d836d	0x003d836c	144	1	_ZN11GameSceneUI19hideEndlessMooePaneEv	GameSceneUI::hideEndlessMooePane()
0x003d6485	0x003d6484	26	1	_ZN11GameSceneUI13hideBlackMarkEv	GameSceneUI::hideBlackMark()
0x003d8511	0x003d8510	38	1	_ZN11GameSceneUI13hideMissionUIEv	GameSceneUI::hideMissionUI()
0x003d6f5b	0x003d6f5a	34	1	_ZN11GameSceneUI14hideGameSetKeyEv	GameSceneUI::hideGameSetKey()
0x003d6abf	0x003d6abe	142	1	_ZN11GameSceneUI16showLoadingLayerEfPN7cocos2d8CCObjectEMS1_FvvE	GameSceneUI::showLoadingLayer(float, cocos2d::CCObject*, void (cocos2d::CCObject::*)())
0x0034859d	0x0034859c	1340	1	_ZN9GameScene15switchNextSceneEv	GameScene::switchNextScene()
0x00342085	0x00342084	180	1	_ZN9GameScene13GameGotoStoryEv	GameScene::GameGotoStory()
0x00342343	0x00342342	254	1	_ZN9GameScene14resetGameSceneEv	GameScene::resetGameScene()
0x00342441	0x00342440	392	1	_ZN9GameScene6onExitEv	GameScene::onExit()
0x003475a9	0x003475a8	1772	1	_ZN9GameScene4tickEf	GameScene::tick(float)
0x003425c9	0x003425c8	244	1	_ZN9GameScene21removeAllGameSceneObjEv	GameScene::removeAllGameSceneObj()
0x003427a9	0x003427a8	312	1	_ZN9GameScene11initPhysicsEv	GameScene::initPhysics()
0x003428e1	0x003428e0	66	1	_ZN9GameScene14destroyPhysicsEv	GameScene::destroyPhysics()
0x00342925	0x00342924	392	1	_ZN9GameScene22addPhySpriteAtPositionEPKcN7cocos2d7CCPointE	GameScene::addPhySpriteAtPosition(char const*, cocos2d::CCPoint)
0x00342aad	0x00342aac	98	1	_ZN9GameScene13updatePhysicsEf	GameScene::updatePhysics(float)
0x00342b11	0x00342b10	796	1	_ZN9GameScene10falingRookEN7cocos2d7CCPointE	GameScene::falingRook(cocos2d::CCPoint)
0x00342e2d	0x00342e2c	852	1	_ZN9GameScene16falingRook_EnemyEN7cocos2d7CCPointE	GameScene::falingRook_Enemy(cocos2d::CCPoint)
0x0034b821	0x0034b820	48	1	_ZN19GameSceneClassLayer28GameSceneLayerWithBlendColorEfN7cocos2d10_ccColor4BE	GameSceneClassLayer::GameSceneLayerWithBlendColor(float, cocos2d::_ccColor4B)
0x003431a5	0x003431a4	84	1	_ZN9GameScene13gsValueFadeInEPN7cocos2d8CCObjectE	GameScene::gsValueFadeIn(cocos2d::CCObject*)
0x003d6b85	0x003d6b84	68	1	_ZN11GameSceneUI16finishVideoBlackEf	GameSceneUI::finishVideoBlack(float)
0x003d70d9	0x003d70d8	260	1	_ZN11GameSceneUI14showVideoBlackEf	GameSceneUI::showVideoBlack(float)
0x00343355	0x00343354	30	1	_ZN9GameScene26GameSceneWithBlendColorNowEN7cocos2d10_ccColor4BE	GameScene::GameSceneWithBlendColorNow(cocos2d::_ccColor4B)
0x0034b851	0x0034b850	44	1	_ZN19GameSceneClassLayer31GameSceneLayerWithBlendColorNowEN7cocos2d10_ccColor4BE	GameSceneClassLayer::GameSceneLayerWithBlendColorNow(cocos2d::_ccColor4B)
0x00343375	0x00343374	1688	1	_ZN9GameScene15playBattleSoundEf	GameScene::playBattleSound(float)
0x00343a19	0x00343a18	188	1	_ZN9GameScene16execGameDialogueEv	GameScene::execGameDialogue()
0x00343b69	0x00343b68	114	1	_ZN9GameScene13checkOnlineAIEv	GameScene::checkOnlineAI()
0x00343cb5	0x00343cb4	284	1	_ZN9GameScene21playerIsGameOverOrWinEv	GameScene::playerIsGameOverOrWin()
0x00343dd1	0x00343dd0	80	1	_ZN9GameScene19GoToCheckPointSceneE15EVENT_PORT_TYPE	GameScene::GoToCheckPointScene(EVENT_PORT_TYPE)
0x003d663d	0x003d663c	44	1	_ZN11GameSceneUI18hideOnlinePlayerUIEv	GameSceneUI::hideOnlinePlayerUI()
0x00343e5d	0x00343e5c	2418	1	_ZN9GameScene14createGSObjectEv	GameScene::createGSObject()
0x003d64b9	0x003d64b8	132	1	_ZN11GameSceneUI13showBossBloodEv	GameSceneUI::showBossBlood()
0x003447d1	0x003447d0	14	1	_ZN9GameScene11hideControlEv	GameScene::hideControl()
0x00344875	0x00344874	14	1	_ZN9GameScene11showControlEv	GameScene::showControl()
0x003d72d5	0x003d72d4	86	1	_ZN11GameSceneUI24showPlayerUIAndControlUIEv	GameSceneUI::showPlayerUIAndControlUI()
0x00344885	0x00344884	176	1	_ZN9GameScene25setSceneCameraControlTypeE25SCENE_CAMERA_CONTROL_TYPE	GameScene::setSceneCameraControlType(SCENE_CAMERA_CONTROL_TYPE)
0x003d723d	0x003d723c	34	1	_ZN11GameSceneUI11showToolsUIEv	GameSceneUI::showToolsUI()
0x00344935	0x00344934	724	1	_ZN9GameScene18TriggerSceneActionEf	GameScene::TriggerSceneAction(float)
0x0034b049	0x0034b048	226	1	_ZN19GameSceneClassLayer15showEventObjTipEibPKcS1_PN7cocos2d8CCObjectEMS3_FvS4_E	GameSceneClassLayer::showEventObjTip(int, bool, char const*, char const*, cocos2d::CCObject*, void (cocos2d::CCObject::*)(cocos2d::CCObject*))
0x00344c09	0x00344c08	14	1	_ZN9GameScene13callback_NULLEPN7cocos2d8CCObjectE	GameScene::callback_NULL(cocos2d::CCObject*)
0x00344c19	0x00344c18	52	1	_ZN9GameScene19showGameSceneObjectE17GAME_SCENE_OBJECTb	GameScene::showGameSceneObject(GAME_SCENE_OBJECT, bool)
0x0034b87d	0x0034b87c	46	1	_ZN19GameSceneClassLayer19showGameSceneObjectE17GAME_SCENE_OBJECTb	GameSceneClassLayer::showGameSceneObject(GAME_SCENE_OBJECT, bool)
0x00344c4d	0x00344c4c	74	1	_ZN9GameScene14GetSceneObjectEi	GameScene::GetSceneObject(int)
0x00344c97	0x00344c96	80	1	_ZN9GameScene16HideEventsButtonEib	GameScene::HideEventsButton(int, bool)
0x00344ce7	0x00344ce6	132	1	_ZN9GameScene14getSceneObjectEi	GameScene::getSceneObject(int)
0x00344d6b	0x00344d6a	116	1	_ZN9GameScene16setTownEventShowEi	GameScene::setTownEventShow(int)
0x00344ddf	0x00344dde	6	1	_ZN9GameScene13GetCameraPosXEv	GameScene::GetCameraPosX()
0x00344de5	0x00344de4	296	1	_ZN9GameScene15getGameSceneMatEjPiS0_	GameScene::getGameSceneMat(unsigned int, int*, int*)
0x00344f0d	0x00344f0c	136	1	_ZN9GameScene10resurgenceEv	GameScene::resurgence()
0x003d68fd	0x003d68fc	32	1	_ZN11GameSceneUI22resurgenceHideOverPaneEv	GameSceneUI::resurgenceHideOverPane()
0x00344f95	0x00344f94	8	1	_ZN9GameScene14isOpenHideTaskEv	GameScene::isOpenHideTask()
0x00344f9d	0x00344f9c	8	1	_ZN9GameScene15OpenAllHideTaskEv	GameScene::OpenAllHideTask()
0x00344fa5	0x00344fa4	984	1	_ZN9GameScene12PlayNPCSuondEi	GameScene::PlayNPCSuond(int)
0x0034537d	0x0034537c	1968	1	_ZN9GameScene15TriggerNPCEventEv	GameScene::TriggerNPCEvent()
0x0034a551	0x0034a550	472	1	_ZN19GameSceneClassLayer21isPlayerContainsPointEN7cocos2d7CCPointE	GameSceneClassLayer::isPlayerContainsPoint(cocos2d::CCPoint)
0x0034b19d	0x0034b19c	50	1	_ZN19GameSceneClassLayer9IsGSEventEi	GameSceneClassLayer::IsGSEvent(int)
0x0034b12b	0x0034b12a	64	1	_ZN19GameSceneClassLayer15hideEventObjTipEv	GameSceneClassLayer::hideEventObjTip()
0x003d89fd	0x003d89fc	30	1	_ZN11GameSceneUI21isGuideTownSecondStepEv	GameSceneUI::isGuideTownSecondStep()
0x003d67df	0x003d67de	26	1	_ZN11GameSceneUI21RemoveNewbieDirectionEv	GameSceneUI::RemoveNewbieDirection()
0x0034b8d9	0x0034b8d8	44	1	_ZN19GameSceneClassLayer15playOpenBigTreeEv	GameSceneClassLayer::playOpenBigTree()
0x0034b905	0x0034b904	44	1	_ZN19GameSceneClassLayer16playCloseBigTreeEv	GameSceneClassLayer::playCloseBigTree()
0x00345b2d	0x00345b2c	1812	1	_ZN9GameScene18updatePrePlayerPosEP8MEPlayer	GameScene::updatePrePlayerPos(MEPlayer*)
0x00346241	0x00346240	38	1	_ZN9GameScene15updatePlayerPosEv	GameScene::updatePlayerPos()
0x003d6669	0x003d6668	204	1	_ZN11GameSceneUI18showOnlinePlayerUIEjjiPKci	GameSceneUI::showOnlinePlayerUI(unsigned int, unsigned int, int, char const*, int)
0x00346339	0x00346338	96	1	_ZN9GameSceneD2Ev	GameScene::~GameScene()
0x00346339	0x00346338	96	1	_ZN9GameSceneD1Ev	GameScene::~GameScene()
0x00346399	0x00346398	8	1	_ZThn224_N9GameSceneD1Ev	non-virtual thunk to GameScene::~GameScene()
0x003463a1	0x003463a0	8	1	_ZThn260_N9GameSceneD1Ev	non-virtual thunk to GameScene::~GameScene()
0x003463a9	0x003463a8	18	1	_ZN9GameSceneD0Ev	GameScene::~GameScene()
0x003463bb	0x003463ba	8	1	_ZThn224_N9GameSceneD0Ev	non-virtual thunk to GameScene::~GameScene()
0x003463c3	0x003463c2	8	1	_ZThn260_N9GameSceneD0Ev	non-virtual thunk to GameScene::~GameScene()
0x003463cd	0x003463cc	684	1	_ZN9GameScene9startGameEv	GameScene::startGame()
0x003d6b61	0x003d6b60	28	1	_ZN11GameSceneUI16hideLoadingLayerEv	GameSceneUI::hideLoadingLayer()
0x00346679	0x00346678	1482	1	_ZN9GameScene10loadingTexEPN7cocos2d8CCObjectE	GameScene::loadingTex(cocos2d::CCObject*)
0x0034e5ad	0x0034e5ac	60	1	_ZN15GameSceneObject23hideEndlessCloseDoorResEv	GameSceneObject::hideEndlessCloseDoorRes()
0x0034e55d	0x0034e55c	80	1	_ZN15GameSceneObject22showEndlessOpenDoorResEv	GameSceneObject::showEndlessOpenDoorRes()
0x0034e5e9	0x0034e5e8	60	1	_ZN15GameSceneObject23showEndlessCloseDoorResEv	GameSceneObject::showEndlessCloseDoorRes()
0x0034e50d	0x0034e50c	80	1	_ZN15GameSceneObject22hideEndlessOpenDoorResEv	GameSceneObject::hideEndlessOpenDoorRes()
0x0034f449	0x0034f448	32	1	_ZN15GameSceneObject9hasWindowEv	GameSceneObject::hasWindow()
0x0034f469	0x0034f468	292	1	_ZN15GameSceneObject15hideWindowShineEv	GameSceneObject::hideWindowShine()
0x0034f58d	0x0034f58c	2900	1	_ZN15GameSceneObject12setCloudMoveEiff	GameSceneObject::setCloudMove(int, float, float)
0x0034e7b5	0x0034e7b4	792	1	_ZN15GameSceneObject13modifyBigTreeEv	GameSceneObject::modifyBigTree()
0x0034e625	0x0034e624	40	1	_ZN15GameSceneObject29hideHideTaskTavernOpenDoorResEv	GameSceneObject::hideHideTaskTavernOpenDoorRes()
0x00346c45	0x00346c44	46	1	_ZN9GameScene17loadGameSceneDataEP13GameSceneData	GameScene::loadGameSceneData(GameSceneData*)
0x00346c73	0x00346c72	58	1	_ZN9GameScene7gsSceneEj	GameScene::gsScene(unsigned int)
0x00346cad	0x00346cac	76	1	_ZN9GameScene11createSceneEj	GameScene::createScene(unsigned int)
0x00347021	0x00347020	1416	1	_ZN9GameScene10exeGSEventEf	GameScene::exeGSEvent(float)
0x003d6831	0x003d6830	8	1	_ZN11GameSceneUI13resetControlsEv	GameSceneUI::resetControls()
0x003d9b3d	0x003d9b3c	924	1	_ZN11GameSceneUI12showOverPaneEb	GameSceneUI::showOverPane(bool)
0x003d65a7	0x003d65a6	26	1	_ZN11GameSceneUI14hideGateTimingEv	GameSceneUI::hideGateTiming()
0x003d6967	0x003d6966	88	1	_ZN11GameSceneUI18story_hideOverPaneEv	GameSceneUI::story_hideOverPane()
0x0034b931	0x0034b930	52	1	_ZN19GameSceneClassLayer19playWindowLightningEPSt6vectorIiSaIiEES3_	GameSceneClassLayer::playWindowLightning(std::vector<int, std::allocator<int> >*, std::vector<int, std::allocator<int> >*)
0x003d6787	0x003d6786	38	1	_ZN11GameSceneUI10showLessonEv	GameSceneUI::showLesson()
0x003d6b7d	0x003d6b7c	6	1	_ZN11GameSceneUI18isShowLoadingLayerEv	GameSceneUI::isShowLoadingLayer()
0x003d6b4d	0x003d6b4c	20	1	_ZN11GameSceneUI16hideLoadingLayerEf	GameSceneUI::hideLoadingLayer(float)
0x003d6735	0x003d6734	56	1	_ZN11GameSceneUI15showFriendsPaneEv	GameSceneUI::showFriendsPane()
0x003d7edd	0x003d7edc	56	1	_ZN11GameSceneUI20showWeaponsBuildPaneEv	GameSceneUI::showWeaponsBuildPane()
0x003d801d	0x003d801c	44	1	_ZN11GameSceneUI20showForgeLevelUpPaneEv	GameSceneUI::showForgeLevelUpPane()
0x003d7f15	0x003d7f14	54	1	_ZN11GameSceneUI15showSoulGemPaneEv	GameSceneUI::showSoulGemPane()
0x003d8049	0x003d8048	44	1	_ZN11GameSceneUI18showGemLevelUpPaneEv	GameSceneUI::showGemLevelUpPane()
0x003d8189	0x003d8188	54	1	_ZN11GameSceneUI13showMercenaUIEv	GameSceneUI::showMercenaUI()
0x003d7fdd	0x003d7fdc	64	1	_ZN11GameSceneUI12showChestsUIEv	GameSceneUI::showChestsUI()
0x003d7e51	0x003d7e50	80	1	_ZN11GameSceneUI7showPubEv	GameSceneUI::showPub()
0x003d7acf	0x003d7ace	38	1	_ZN11GameSceneUI21showSinglePhysicalBuyEv	GameSceneUI::showSinglePhysicalBuy()
0x003d9a41	0x003d9a40	248	1	_ZN11GameSceneUI12showMailPaneEv	GameSceneUI::showMailPane()
0x003d7c19	0x003d7c18	58	1	_ZN11GameSceneUI25showDecomposeCompoundPaneEv	GameSceneUI::showDecomposeCompoundPane()
0x003d7c53	0x003d7c52	66	1	_ZN11GameSceneUI18showGemUpGradePaneEv	GameSceneUI::showGemUpGradePane()
0x0034826d	0x0034826c	808	1	_ZN9GameScene12ccTouchEndedEPN7cocos2d7CCTouchEPNS0_7CCEventE	GameScene::ccTouchEnded(cocos2d::CCTouch*, cocos2d::CCEvent*)
0x0034a861	0x0034a860	1216	1	_ZN19GameSceneClassLayer24isObjectConContainsPointEN7cocos2d7CCPointEb	GameSceneClassLayer::isObjectConContainsPoint(cocos2d::CCPoint, bool)
0x00348595	0x00348594	8	1	_ZThn224_N9GameScene12ccTouchEndedEPN7cocos2d7CCTouchEPNS0_7CCEventE	non-virtual thunk to GameScene::ccTouchEnded(cocos2d::CCTouch*, cocos2d::CCEvent*)
0x003d9641	0x003d9640	58	1	_ZN11GameSceneUI15setMePlayerDataE12SaveDataHero	GameSceneUI::setMePlayerData(SaveDataHero)
0x00348ad9	0x00348ad8	2	1	_ZN19GameSceneClassLayer4drawEv	GameSceneClassLayer::draw()
0x00348b8d	0x00348b8c	348	1	_ZN19GameSceneClassLayerD2Ev	GameSceneClassLayer::~GameSceneClassLayer()
0x00348b8d	0x00348b8c	348	1	_ZN19GameSceneClassLayerD1Ev	GameSceneClassLayer::~GameSceneClassLayer()
0x00348ce9	0x00348ce8	8	1	_ZThn224_N19GameSceneClassLayerD1Ev	non-virtual thunk to GameSceneClassLayer::~GameSceneClassLayer()
0x00348cf1	0x00348cf0	18	1	_ZN19GameSceneClassLayerD0Ev	GameSceneClassLayer::~GameSceneClassLayer()
0x00348d03	0x00348d02	8	1	_ZThn224_N19GameSceneClassLayerD0Ev	non-virtual thunk to GameSceneClassLayer::~GameSceneClassLayer()
0x00349e21	0x00349e20	100	1	_ZN19GameSceneClassLayerC2Ev	GameSceneClassLayer::GameSceneClassLayer()
0x00349e21	0x00349e20	100	1	_ZN19GameSceneClassLayerC1Ev	GameSceneClassLayer::GameSceneClassLayer()
0x00349e85	0x00349e84	198	1	_ZN19GameSceneClassLayer10initWithIDEi	GameSceneClassLayer::initWithID(int)
0x00349fbd	0x00349fbc	12	1	_ZN19GameSceneClassLayer14addSoundObjectEP20GameSceneSoundObject	GameSceneClassLayer::addSoundObject(GameSceneSoundObject*)
0x0034a037	0x0034a036	46	1	_ZN19GameSceneClassLayer17removeEnemyObjectEP20GameSceneEnemyObject	GameSceneClassLayer::removeEnemyObject(GameSceneEnemyObject*)
0x0034a085	0x0034a084	46	1	_ZN19GameSceneClassLayer15removeNPCObjectEP18GameSceneNPCObject	GameSceneClassLayer::removeNPCObject(GameSceneNPCObject*)
0x0034a0d3	0x0034a0d2	46	1	_ZN19GameSceneClassLayer16removeLansObjectEP19GameSceneLansObject	GameSceneClassLayer::removeLansObject(GameSceneLansObject*)
0x0034a161	0x0034a160	46	1	_ZN19GameSceneClassLayer15removePetObjectEP18GameScenePetObject	GameSceneClassLayer::removePetObject(GameScenePetObject*)
0x0034a1af	0x0034a1ae	46	1	_ZN19GameSceneClassLayer21removeEnemyDropObjectEP24GameSceneEnemyDropObject	GameSceneClassLayer::removeEnemyDropObject(GameSceneEnemyDropObject*)
0x0034bc1f	0x0034bc1e	6	1	_ZN24GameSceneEnemyDropObject9getObjectEv	GameSceneEnemyDropObject::getObject()
0x0034d4d1	0x0034d4d0	10	1	_ZN15GameSceneObject4moveEN7cocos2d7CCPointE	GameSceneObject::move(cocos2d::CCPoint)
0x0035191f	0x0035191e	6	1	_ZN20GameSceneSoundObject10moveObjectEN7cocos2d7CCPointE	GameSceneSoundObject::moveObject(cocos2d::CCPoint)
0x0034ba47	0x0034ba46	68	1	_ZN21GameSceneEffectObject10moveObjectEN7cocos2d7CCPointE	GameSceneEffectObject::moveObject(cocos2d::CCPoint)
0x0034bd11	0x0034bd10	96	1	_ZN20GameSceneEnemyObject10moveObjectEN7cocos2d7CCPointE	GameSceneEnemyObject::moveObject(cocos2d::CCPoint)
0x0034c659	0x0034c658	66	1	_ZN18GameSceneNPCObject10moveObjectEN7cocos2d7CCPointE	GameSceneNPCObject::moveObject(cocos2d::CCPoint)
0x0034bec9	0x0034bec8	96	1	_ZN19GameSceneLansObject10moveObjectEN7cocos2d7CCPointE	GameSceneLansObject::moveObject(cocos2d::CCPoint)
0x0034bb9d	0x0034bb9c	130	1	_ZN24GameSceneEnemyDropObject10moveObjectEN7cocos2d7CCPointE	GameSceneEnemyDropObject::moveObject(cocos2d::CCPoint)
0x003517f1	0x003517f0	96	1	_ZN18GameScenePetObject10moveObjectEN7cocos2d7CCPointE	GameScenePetObject::moveObject(cocos2d::CCPoint)
0x0034d2f1	0x0034d2f0	480	1	_ZN15GameSceneObject4tickEf	GameSceneObject::tick(float)
0x0034a521	0x0034a520	48	1	_ZN19GameSceneClassLayer20removeLayerAllObjectEPv	GameSceneClassLayer::removeLayerAllObject(void*)
0x003514b9	0x003514b8	588	1	_ZN15GameSceneObject15isContainsPointEN7cocos2d7CCPointEb	GameSceneObject::isContainsPoint(cocos2d::CCPoint, bool)
0x0034e4a7	0x0034e4a6	74	1	_ZN15GameSceneObject13getObjectRectEv	GameSceneObject::getObjectRect()
0x0034e269	0x0034e268	492	1	_ZN15GameSceneObject14isContainsRectEN7cocos2d6CCRectE	GameSceneObject::isContainsRect(cocos2d::CCRect)
0x0034dfa5	0x0034dfa4	124	1	_ZN15GameSceneObject10setFadeOutEh	GameSceneObject::setFadeOut(unsigned char)
0x0034e099	0x0034e098	120	1	_ZN15GameSceneObject9setFadeInEv	GameSceneObject::setFadeIn()
0x0034df39	0x0034df38	94	1	_ZN15GameSceneObject18isConContainsPointEN7cocos2d7CCPointEb	GameSceneObject::isConContainsPoint(cocos2d::CCPoint, bool)
0x00350f85	0x00350f84	852	1	_ZN15GameSceneObject20expandSceneObjButtonEj	GameSceneObject::expandSceneObjButton(unsigned int)
0x0034ad21	0x0034ad20	190	1	_ZN19GameSceneClassLayer17getGSWithExpandIDEi	GameSceneClassLayer::getGSWithExpandID(int)
0x0034addf	0x0034adde	38	1	_ZN19GameSceneClassLayer10touchEndedEv	GameSceneClassLayer::touchEnded()
0x0034df97	0x0034df96	12	1	_ZN15GameSceneObject10touchEndedEv	GameSceneObject::touchEnded()
0x0034e501	0x0034e500	12	1	_ZN15GameSceneObject12RetouchEndedEv	GameSceneObject::RetouchEnded()
0x0034e675	0x0034e674	160	1	_ZN15GameSceneObject21ForeshorteningEffectsEN7cocos2d7CCPointE	GameSceneObject::ForeshorteningEffects(cocos2d::CCPoint)
0x0034ae69	0x0034ae68	70	1	_ZN19GameSceneClassLayer12GetButtonPosEN7cocos2d7CCPointE	GameSceneClassLayer::GetButtonPos(cocos2d::CCPoint)
0x0034e715	0x0034e714	160	1	_ZN15GameSceneObject7IsCrashEN7cocos2d7CCPointE	GameSceneObject::IsCrash(cocos2d::CCPoint)
0x0034aefd	0x0034aefc	332	1	_ZN19GameSceneClassLayer23showLevelButtonEventObjEibiiPKcS1_PN7cocos2d8CCObjectEMS3_FvS4_E	GameSceneClassLayer::showLevelButtonEventObj(int, bool, int, int, char const*, char const*, cocos2d::CCObject*, void (cocos2d::CCObject::*)(cocos2d::CCObject*))
0x0034e455	0x0034e454	82	1	_ZN15GameSceneObject14isContainsRectEN7cocos2d6CCRectEPKc	GameSceneObject::isContainsRect(cocos2d::CCRect, char const*)
0x0034d4dd	0x0034d4dc	1724	1	_ZN15GameSceneObject20createSceneObjButtonEibiiPKcS1_PN7cocos2d8CCObjectEMS3_FvS4_E	GameSceneObject::createSceneObjButton(int, bool, int, int, char const*, char const*, cocos2d::CCObject*, void (cocos2d::CCObject::*)(cocos2d::CCObject*))
0x0034e021	0x0034e020	120	1	_ZN15GameSceneObject18fadeOut_sceneLightEv	GameSceneObject::fadeOut_sceneLight()
0x003512d9	0x003512d8	480	1	_ZN15GameSceneObject15showEventObjTipEib	GameSceneObject::showEventObjTip(int, bool)
0x0034e1b9	0x0034e1b8	176	1	_ZN15GameSceneObject18triggerSceneActionEv	GameSceneObject::triggerSceneAction()
0x0034dbc5	0x0034dbc4	96	1	_ZN15GameSceneObject12TriggerEventEi	GameSceneObject::TriggerEvent(int)
0x0034dc25	0x0034dc24	32	1	_ZN15GameSceneObject9IsGSEventEi	GameSceneObject::IsGSEvent(int)
0x0034dc6d	0x0034dc6c	112	1	_ZN15GameSceneObject17EndTriggerGSEventEj	GameSceneObject::EndTriggerGSEvent(unsigned int)
0x0034b1f9	0x0034b1f8	50	1	_ZN19GameSceneClassLayer19IsEndTriggerGSEventEj	GameSceneClassLayer::IsEndTriggerGSEvent(unsigned int)
0x0034dc45	0x0034dc44	40	1	_ZN15GameSceneObject19IsEndTriggerGSEventEj	GameSceneObject::IsEndTriggerGSEvent(unsigned int)
0x0034b22b	0x0034b22a	6	1	_ZN19GameSceneClassLayer11setSprColorEN7cocos2d10_ccColor3BE	GameSceneClassLayer::setSprColor(cocos2d::_ccColor3B)
0x0034e111	0x0034e110	82	1	_ZN15GameSceneObject12blendColorToEfN7cocos2d10_ccColor4BE	GameSceneObject::blendColorTo(float, cocos2d::_ccColor4B)
0x0034e163	0x0034e162	86	1	_ZN15GameSceneObject15blendColorToNowEN7cocos2d10_ccColor4BE	GameSceneObject::blendColorToNow(cocos2d::_ccColor4B)
0x0034dcdd	0x0034dcdc	456	1	_ZN15GameSceneObject19showGameSceneObjectE17GAME_SCENE_OBJECTb	GameSceneObject::showGameSceneObject(GAME_SCENE_OBJECT, bool)
0x0034eacd	0x0034eacc	1052	1	_ZN15GameSceneObject19playOpenBigTreeAnimEv	GameSceneObject::playOpenBigTreeAnim()
0x0034eee9	0x0034eee8	868	1	_ZN15GameSceneObject20playCloseBigTreeAnimEv	GameSceneObject::playCloseBigTreeAnim()
0x0034f24d	0x0034f24c	508	1	_ZN15GameSceneObject16playWindowsShineEPSt6vectorIiSaIiEES3_	GameSceneObject::playWindowsShine(std::vector<int, std::allocator<int> >*, std::vector<int, std::allocator<int> >*)
0x0034b965	0x0034b964	28	1	_ZN21GameSceneEffectObjectD2Ev	GameSceneEffectObject::~GameSceneEffectObject()
0x0034b965	0x0034b964	28	1	_ZN21GameSceneEffectObjectD1Ev	GameSceneEffectObject::~GameSceneEffectObject()
0x0034b981	0x0034b980	18	1	_ZN21GameSceneEffectObjectD0Ev	GameSceneEffectObject::~GameSceneEffectObject()
0x0034b995	0x0034b994	44	1	_ZN21GameSceneEffectObjectC2Ev	GameSceneEffectObject::GameSceneEffectObject()
0x0034b995	0x0034b994	44	1	_ZN21GameSceneEffectObjectC1Ev	GameSceneEffectObject::GameSceneEffectObject()
0x0034b9c1	0x0034b9c0	58	1	_ZN21GameSceneEffectObject14initWithObjectEPN7cocos2d8CCSpriteENS0_7CCPointEi	GameSceneEffectObject::initWithObject(cocos2d::CCSprite*, cocos2d::CCPoint, int)
0x0034ba8d	0x0034ba8c	28	1	_ZN24GameSceneEnemyDropObjectD2Ev	GameSceneEnemyDropObject::~GameSceneEnemyDropObject()
0x0034ba8d	0x0034ba8c	28	1	_ZN24GameSceneEnemyDropObjectD1Ev	GameSceneEnemyDropObject::~GameSceneEnemyDropObject()
0x0034baa9	0x0034baa8	18	1	_ZN24GameSceneEnemyDropObjectD0Ev	GameSceneEnemyDropObject::~GameSceneEnemyDropObject()
0x0034babd	0x0034babc	44	1	_ZN24GameSceneEnemyDropObjectC2Ev	GameSceneEnemyDropObject::GameSceneEnemyDropObject()
0x0034bb31	0x0034bb30	76	1	_ZN24GameSceneEnemyDropObject16createWithObjectEPN7cocos2d8CCSpriteENS0_7CCPointEi	GameSceneEnemyDropObject::createWithObject(cocos2d::CCSprite*, cocos2d::CCPoint, int)
0x0034bb7d	0x0034bb7c	32	1	_ZN24GameSceneEnemyDropObject13setActiveMoveEb	GameSceneEnemyDropObject::setActiveMove(bool)
0x0034bc25	0x0034bc24	28	1	_ZN20GameSceneEnemyObjectD2Ev	GameSceneEnemyObject::~GameSceneEnemyObject()
0x0034bc25	0x0034bc24	28	1	_ZN20GameSceneEnemyObjectD1Ev	GameSceneEnemyObject::~GameSceneEnemyObject()
0x0034bc41	0x0034bc40	18	1	_ZN20GameSceneEnemyObjectD0Ev	GameSceneEnemyObject::~GameSceneEnemyObject()
0x0034bc53	0x0034bc52	66	1	_ZN20GameSceneEnemyObject14initWithObjectEP11EnemyObjectN7cocos2d7CCPointEi	GameSceneEnemyObject::initWithObject(EnemyObject*, cocos2d::CCPoint, int)
0x0034bc95	0x0034bc94	44	1	_ZN20GameSceneEnemyObjectC2Ev	GameSceneEnemyObject::GameSceneEnemyObject()
0x0034bc95	0x0034bc94	44	1	_ZN20GameSceneEnemyObjectC1Ev	GameSceneEnemyObject::GameSceneEnemyObject()
0x0034bd71	0x0034bd70	52	1	_ZN18GameSceneEventNodeD2Ev	GameSceneEventNode::~GameSceneEventNode()
0x0034bd71	0x0034bd70	52	1	_ZN18GameSceneEventNodeD1Ev	GameSceneEventNode::~GameSceneEventNode()
0x0034bda5	0x0034bda4	8	1	_ZThn224_N18GameSceneEventNodeD1Ev	non-virtual thunk to GameSceneEventNode::~GameSceneEventNode()
0x0034bdad	0x0034bdac	18	1	_ZN18GameSceneEventNodeD0Ev	GameSceneEventNode::~GameSceneEventNode()
0x0034bdbf	0x0034bdbe	6	1	_ZThn224_N18GameSceneEventNodeD0Ev	non-virtual thunk to GameSceneEventNode::~GameSceneEventNode()
0x0034bddd	0x0034bddc	28	1	_ZN19GameSceneLansObjectD2Ev	GameSceneLansObject::~GameSceneLansObject()
0x0034bddd	0x0034bddc	28	1	_ZN19GameSceneLansObjectD1Ev	GameSceneLansObject::~GameSceneLansObject()
0x0034bdf9	0x0034bdf8	18	1	_ZN19GameSceneLansObjectD0Ev	GameSceneLansObject::~GameSceneLansObject()
0x0034be0b	0x0034be0a	66	1	_ZN19GameSceneLansObject14initWithObjectEP16LansquenetObjectN7cocos2d7CCPointEi	GameSceneLansObject::initWithObject(LansquenetObject*, cocos2d::CCPoint, int)
0x0034be4d	0x0034be4c	44	1	_ZN19GameSceneLansObjectC2Ev	GameSceneLansObject::GameSceneLansObject()
0x0034be79	0x0034be78	80	1	_ZN19GameSceneLansObject16createWithObjectEP16LansquenetObjectN7cocos2d7CCPointEi	GameSceneLansObject::createWithObject(LansquenetObject*, cocos2d::CCPoint, int)
0x0034bf29	0x0034bf28	52	1	_ZN14GameSceneLayerD2Ev	GameSceneLayer::~GameSceneLayer()
0x0034bf29	0x0034bf28	52	1	_ZN14GameSceneLayerD1Ev	GameSceneLayer::~GameSceneLayer()
0x0034bf5d	0x0034bf5c	8	1	_ZThn224_N14GameSceneLayerD1Ev	non-virtual thunk to GameSceneLayer::~GameSceneLayer()
0x0034bf65	0x0034bf64	18	1	_ZN14GameSceneLayerD0Ev	GameSceneLayer::~GameSceneLayer()
0x0034bf77	0x0034bf76	8	1	_ZThn224_N14GameSceneLayerD0Ev	non-virtual thunk to GameSceneLayer::~GameSceneLayer()
0x0034bf81	0x0034bf80	52	1	_ZN14GameSceneLayerC2Ev	GameSceneLayer::GameSceneLayer()
0x0034bf81	0x0034bf80	52	1	_ZN14GameSceneLayerC1Ev	GameSceneLayer::GameSceneLayer()
0x0034bfb5	0x0034bfb4	114	1	_ZN14GameSceneLayer13setLayerScaleEffiN7cocos2d7CCPointE	GameSceneLayer::setLayerScale(float, float, int, cocos2d::CCPoint)
0x0034c029	0x0034c028	372	1	_ZN14GameSceneLayer20setSpecialLayerScaleEN7cocos2d7CCPointE	GameSceneLayer::setSpecialLayerScale(cocos2d::CCPoint)
0x0034c19d	0x0034c19c	556	1	_ZN14GameSceneLayer24setSpecialLayerScaleBackEN7cocos2d7CCPointE	GameSceneLayer::setSpecialLayerScaleBack(cocos2d::CCPoint)
0x0034c3c9	0x0034c3c8	124	1	_ZN14GameSceneLayer26setSpecialLayerScaleBack02EN7cocos2d7CCPointE	GameSceneLayer::setSpecialLayerScaleBack02(cocos2d::CCPoint)
0x0034c445	0x0034c444	144	1	_ZN14GameSceneLayer27setSpecialLayerScaleWithPosEN7cocos2d7CCPointE	GameSceneLayer::setSpecialLayerScaleWithPos(cocos2d::CCPoint)
0x0034c4d5	0x0034c4d4	124	1	_ZN14GameSceneLayer31setSpecialLayerScaleBackWithPosEN7cocos2d7CCPointE	GameSceneLayer::setSpecialLayerScaleBackWithPos(cocos2d::CCPoint)
0x0034c551	0x0034c550	26	1	_ZN14GameSceneLayer4initEv	GameSceneLayer::init()
0x0034c56d	0x0034c56c	28	1	_ZN18GameSceneNPCObjectD2Ev	GameSceneNPCObject::~GameSceneNPCObject()
0x0034c56d	0x0034c56c	28	1	_ZN18GameSceneNPCObjectD1Ev	GameSceneNPCObject::~GameSceneNPCObject()
0x0034c589	0x0034c588	18	1	_ZN18GameSceneNPCObjectD0Ev	GameSceneNPCObject::~GameSceneNPCObject()
0x0034c59b	0x0034c59a	66	1	_ZN18GameSceneNPCObject14initWithObjectEP9NPCObjectN7cocos2d7CCPointEi	GameSceneNPCObject::initWithObject(NPCObject*, cocos2d::CCPoint, int)
0x0034c5dd	0x0034c5dc	44	1	_ZN18GameSceneNPCObjectC2Ev	GameSceneNPCObject::GameSceneNPCObject()
0x0034c5dd	0x0034c5dc	44	1	_ZN18GameSceneNPCObjectC1Ev	GameSceneNPCObject::GameSceneNPCObject()
0x0034c69b	0x0034c69a	4	1	_ZN15GameSceneObject10setVisibleEb	GameSceneObject::setVisible(bool)
0x0034c6a1	0x0034c6a0	140	1	_ZN15GameSceneObjectD2Ev	GameSceneObject::~GameSceneObject()
0x0034c6a1	0x0034c6a0	140	1	_ZN15GameSceneObjectD1Ev	GameSceneObject::~GameSceneObject()
0x0034c72d	0x0034c72c	18	1	_ZN15GameSceneObjectD0Ev	GameSceneObject::~GameSceneObject()
0x0034c741	0x0034c740	88	1	_ZN15GameSceneObject12playBoxFloatEPN7cocos2d6CCNodeE	GameSceneObject::playBoxFloat(cocos2d::CCNode*)
0x0034c799	0x0034c798	156	1	_ZN15GameSceneObject16playBranchActionEPN7cocos2d6CCNodeE	GameSceneObject::playBranchAction(cocos2d::CCNode*)
0x0034c835	0x0034c834	576	1	_ZN15GameSceneObject17cloudMoveCallBackEPN7cocos2d6CCNodeEPv	GameSceneObject::cloudMoveCallBack(cocos2d::CCNode*, void*)
0x0034ca75	0x0034ca74	52	1	_ZN22GameSceneObject_buttonD2Ev	GameSceneObject_button::~GameSceneObject_button()
0x0034ca75	0x0034ca74	52	1	_ZN22GameSceneObject_buttonD1Ev	GameSceneObject_button::~GameSceneObject_button()
0x0034caa9	0x0034caa8	8	1	_ZThn224_N22GameSceneObject_buttonD1Ev	non-virtual thunk to GameSceneObject_button::~GameSceneObject_button()
0x0034cab1	0x0034cab0	18	1	_ZN22GameSceneObject_buttonD0Ev	GameSceneObject_button::~GameSceneObject_button()
0x0034cac3	0x0034cac2	6	1	_ZThn224_N22GameSceneObject_buttonD0Ev	non-virtual thunk to GameSceneObject_button::~GameSceneObject_button()
0x0034cac9	0x0034cac8	60	1	_ZN19GameSceneObjectDataD2Ev	GameSceneObjectData::~GameSceneObjectData()
0x0034cac9	0x0034cac8	60	1	_ZN19GameSceneObjectDataD1Ev	GameSceneObjectData::~GameSceneObjectData()
0x0034cb05	0x0034cb04	18	1	_ZN19GameSceneObjectDataD0Ev	GameSceneObjectData::~GameSceneObjectData()
0x0034cb19	0x0034cb18	72	1	_ZN19GameSceneObjectDataC2Ev	GameSceneObjectData::GameSceneObjectData()
0x0034cb19	0x0034cb18	72	1	_ZN19GameSceneObjectDataC1Ev	GameSceneObjectData::GameSceneObjectData()
0x0034cb61	0x0034cb60	118	1	_ZN19GameSceneObjectData4initEv	GameSceneObjectData::init()
0x0034cbd7	0x0034cbd6	182	1	_ZN19GameSceneObjectData12initWithDataEPKcS1_	GameSceneObjectData::initWithData(char const*, char const*)
0x0034cc8d	0x0034cc8c	58	1	_ZN19GameSceneObjectData14createWithDataEPKcS1_	GameSceneObjectData::createWithData(char const*, char const*)
0x0034ccc9	0x0034ccc8	444	1	_ZN22GameSceneObject_button12initWithDataEPKcS1_S1_PN7cocos2d8CCObjectEMS3_FvS4_E	GameSceneObject_button::initWithData(char const*, char const*, char const*, cocos2d::CCObject*, void (cocos2d::CCObject::*)(cocos2d::CCObject*))
0x0034ce85	0x0034ce84	148	1	_ZN22GameSceneObject_button27createGameSceneObjectButtonEPKcS1_S1_PN7cocos2d8CCObjectEMS3_FvS4_E	GameSceneObject_button::createGameSceneObjectButton(char const*, char const*, char const*, cocos2d::CCObject*, void (cocos2d::CCObject::*)(cocos2d::CCObject*))
0x0034cf19	0x0034cf18	8	1	_ZN22GameSceneObject_button17setSceneCameraOffEN7cocos2d7CCPointE	GameSceneObject_button::setSceneCameraOff(cocos2d::CCPoint)
0x0034cf21	0x0034cf20	98	1	_ZN22GameSceneObject_button11touchButtonEN7cocos2d7CCPointE	GameSceneObject_button::touchButton(cocos2d::CCPoint)
0x0034cf83	0x0034cf82	86	1	_ZN22GameSceneObject_button13EventSelectorEv	GameSceneObject_button::EventSelector()
0x0034cfd9	0x0034cfd8	46	1	_ZN22GameSceneObject_button14cancelSelectedEv	GameSceneObject_button::cancelSelected()
0x0034d009	0x0034d008	484	1	_ZN22GameSceneObject_button21ForeshorteningEffectsEN7cocos2d7CCPointEPNS0_10CCLabelTTFEPNS0_8CCSpriteES5_	GameSceneObject_button::ForeshorteningEffects(cocos2d::CCPoint, cocos2d::CCLabelTTF*, cocos2d::CCSprite*, cocos2d::CCSprite*)
0x0034d1ed	0x0034d1ec	64	1	_ZN22GameSceneObject_button10setEnabledEb	GameSceneObject_button::setEnabled(bool)
0x0034d22d	0x0034d22c	26	1	_ZN22GameSceneObject_button13getButtonSizeEv	GameSceneObject_button::getButtonSize()
0x0034d249	0x0034d248	60	1	_ZN15GameSceneObjectC2Ev	GameSceneObject::GameSceneObject()
0x0034d249	0x0034d248	60	1	_ZN15GameSceneObjectC1Ev	GameSceneObject::GameSceneObject()
0x0034db99	0x0034db98	44	1	_ZN15GameSceneObject11setSprColorEN7cocos2d10_ccColor3BE	GameSceneObject::setSprColor(cocos2d::_ccColor3B)
0x0034dea5	0x0034dea4	36	1	_ZN15GameSceneObject10setOpacityEh	GameSceneObject::setOpacity(unsigned char)
0x0034e64d	0x0034e64c	40	1	_ZN15GameSceneObject29showHideTaskTavernOpenDoorResEv	GameSceneObject::showHideTaskTavernOpenDoorRes()
0x003500e1	0x003500e0	3748	1	_ZN15GameSceneObject12initWithDataEP24GameSceneLayerObjectData	GameSceneObject::initWithData(GameSceneLayerObjectData*)
0x003d6c4b	0x003d6c4a	178	1	_ZN11GameSceneUI20updataGuideDirectionEv	GameSceneUI::updataGuideDirection()
0x003d6cfd	0x003d6cfc	18	1	_ZN11GameSceneUI27setGuideTownTipsIconVisibleEb	GameSceneUI::setGuideTownTipsIconVisible(bool)
0x00351705	0x00351704	28	1	_ZN18GameScenePetObjectD2Ev	GameScenePetObject::~GameScenePetObject()
0x00351705	0x00351704	28	1	_ZN18GameScenePetObjectD1Ev	GameScenePetObject::~GameScenePetObject()
0x00351721	0x00351720	18	1	_ZN18GameScenePetObjectD0Ev	GameScenePetObject::~GameScenePetObject()
0x00351733	0x00351732	66	1	_ZN18GameScenePetObject14initWithObjectEP9PetObjectN7cocos2d7CCPointEi	GameScenePetObject::initWithObject(PetObject*, cocos2d::CCPoint, int)
0x00351775	0x00351774	44	1	_ZN18GameScenePetObjectC2Ev	GameScenePetObject::GameScenePetObject()
0x003517a1	0x003517a0	80	1	_ZN18GameScenePetObject16createWithObjectEP9PetObjectN7cocos2d7CCPointEi	GameScenePetObject::createWithObject(PetObject*, cocos2d::CCPoint, int)
0x00351851	0x00351850	28	1	_ZN20GameSceneSoundObjectD2Ev	GameSceneSoundObject::~GameSceneSoundObject()
0x00351851	0x00351850	28	1	_ZN20GameSceneSoundObjectD1Ev	GameSceneSoundObject::~GameSceneSoundObject()
0x0035186d	0x0035186c	18	1	_ZN20GameSceneSoundObjectD0Ev	GameSceneSoundObject::~GameSceneSoundObject()
0x00351881	0x00351880	44	1	_ZN20GameSceneSoundObjectC2Ev	GameSceneSoundObject::GameSceneSoundObject()
0x00351881	0x00351880	44	1	_ZN20GameSceneSoundObjectC1Ev	GameSceneSoundObject::GameSceneSoundObject()
0x003518ad	0x003518ac	46	1	_ZN20GameSceneSoundObject14initWithObjectEPvN7cocos2d7CCPointE	GameSceneSoundObject::initWithObject(void*, cocos2d::CCPoint)
0x003518db	0x003518da	68	1	_ZN20GameSceneSoundObject16createWithObjectEPvN7cocos2d7CCPointE	GameSceneSoundObject::createWithObject(void*, cocos2d::CCPoint)
0x00351925	0x00351924	2	1	_ZN20GameSceneSoundObject4playEv	GameSceneSoundObject::play()
0x00351927	0x00351926	2	1	_ZN20GameSceneSoundObject4stopEv	GameSceneSoundObject::stop()
0x00353879	0x00353878	48	1	_ZN13GameSceneDataD2Ev	GameSceneData::~GameSceneData()
0x00353879	0x00353878	48	1	_ZN13GameSceneDataD1Ev	GameSceneData::~GameSceneData()
0x003538a9	0x003538a8	18	1	_ZN13GameSceneDataD0Ev	GameSceneData::~GameSceneData()
0x0035390b	0x0035390a	48	1	_ZN13GameSceneData4initEv	GameSceneData::init()
0x0035393d	0x0035393c	40	1	_ZN13GameSceneDataC2Ev	GameSceneData::GameSceneData()
0x00353a61	0x00353a60	60	1	_ZN18GameSceneLayerDataD2Ev	GameSceneLayerData::~GameSceneLayerData()
0x00353a61	0x00353a60	60	1	_ZN18GameSceneLayerDataD1Ev	GameSceneLayerData::~GameSceneLayerData()
0x00353a9d	0x00353a9c	18	1	_ZN18GameSceneLayerDataD0Ev	GameSceneLayerData::~GameSceneLayerData()
0x00353aaf	0x00353aae	44	1	_ZN18GameSceneLayerData4initEv	GameSceneLayerData::init()
0x00353add	0x00353adc	32	1	_ZN18GameSceneLayerDataC2Ev	GameSceneLayerData::GameSceneLayerData()
0x00353b2b	0x00353b2a	130	1	_ZN24GameSceneLayerObjectData4initEv	GameSceneLayerObjectData::init()
0x00353bad	0x00353bac	36	1	_ZN24GameSceneLayerObjectDataD2Ev	GameSceneLayerObjectData::~GameSceneLayerObjectData()
0x00353bad	0x00353bac	36	1	_ZN24GameSceneLayerObjectDataD1Ev	GameSceneLayerObjectData::~GameSceneLayerObjectData()
0x00353bd1	0x00353bd0	18	1	_ZN24GameSceneLayerObjectDataD0Ev	GameSceneLayerObjectData::~GameSceneLayerObjectData()
0x00353be5	0x00353be4	68	1	_ZN24GameSceneLayerObjectDataC2Ev	GameSceneLayerObjectData::GameSceneLayerObjectData()
0x003d74a5	0x003d74a4	112	1	_ZN11GameSceneUI14showDialogueUIEjj	GameSceneUI::showDialogueUI(unsigned int, unsigned int)
0x003d6459	0x003d6458	44	1	_ZN11GameSceneUI19showBlackMarkWithDtEf	GameSceneUI::showBlackMarkWithDt(float)
0x003d84a1	0x003d84a0	38	1	_ZN11GameSceneUI20hideWeaponsBuildPaneEv	GameSceneUI::hideWeaponsBuildPane()
0x003d84c9	0x003d84c8	72	1	_ZN11GameSceneUI15hideSoulGemPaneEv	GameSceneUI::hideSoulGemPane()
0x003d82ef	0x003d82ee	38	1	_ZN11GameSceneUI18hideGemUpGradePaneEv	GameSceneUI::hideGemUpGradePane()
0x003d8315	0x003d8314	36	1	_ZN11GameSceneUI11hideDailyUIEv	GameSceneUI::hideDailyUI()
0x003d8275	0x003d8274	36	1	_ZN11GameSceneUI15hideDailyTaskUIEv	GameSceneUI::hideDailyTaskUI()
0x003d748b	0x003d748a	26	1	_ZN11GameSceneUI14hideDialogueUIEv	GameSceneUI::hideDialogueUI()
0x003aad9d	0x003aad9c	3752	1	_ZN14EMReadyUIScene17loadGameSceneDataEP10GameLevels	EMReadyUIScene::loadGameSceneData(GameLevels*)
0x003d65c1	0x003d65c0	62	1	_ZN11GameSceneUI14showGateTimingEj	GameSceneUI::showGateTiming(unsigned int)
0x003d8b51	0x003d8b50	628	1	_ZN11GameSceneUI18ShopMaterialRandomEv	GameSceneUI::ShopMaterialRandom()
0x00402439	0x00402438	70	1	_ZN18MissionDataManager15addIntelligenceEP17RondomMissionData	MissionDataManager::addIntelligence(RondomMissionData*)
0x0040272d	0x0040272c	40	1	_ZN18MissionDataManager17getBaseDataWithLvEj	MissionDataManager::getBaseDataWithLv(unsigned int)
0x00402817	0x00402816	168	1	_ZN18MissionDataManager19setMissionExpWithIdEjj	MissionDataManager::setMissionExpWithId(unsigned int, unsigned int)
0x003c0ac5	0x003c0ac4	60	1	_ZN15DropDataManager20shareDropDataManagerEv	DropDataManager::shareDropDataManager()
0x003c0bc1	0x003c0bc0	484	1	_ZN15DropDataManager18CountEquipDropDataEPi	DropDataManager::CountEquipDropData(int*)
0x003c0a85	0x003c0a84	28	1	_ZN15DropDataManagerD2Ev	DropDataManager::~DropDataManager()
0x003c0a85	0x003c0a84	28	1	_ZN15DropDataManagerD1Ev	DropDataManager::~DropDataManager()
0x003c0aa1	0x003c0aa0	18	1	_ZN15DropDataManagerD0Ev	DropDataManager::~DropDataManager()
0x003c0ab3	0x003c0ab2	16	1	_ZN15DropDataManager4initEv	DropDataManager::init()
0x003c0da9	0x003c0da8	392	1	_ZN15DropDataManager23CountEquipForRMDropDataEPi	DropDataManager::CountEquipForRMDropData(int*)
0x003c0f31	0x003c0f30	368	1	_ZN15DropDataManager18LoadDropEquipsDataEv	DropDataManager::LoadDropEquipsData()
0x003c10a1	0x003c10a0	268	1	_ZN15DropDataManager19LoadPreviewDropDataEv	DropDataManager::LoadPreviewDropData()
0x003d68e3	0x003d68e2	26	1	_ZN11GameSceneUI21hideMercenaryOverPaneEv	GameSceneUI::hideMercenaryOverPane()
0x00402641	0x00402640	24	1	_ZN18MissionDataManager17getMissionLvLimitEv	MissionDataManager::getMissionLvLimit()
0x004025cd	0x004025cc	44	1	_ZN18MissionDataManager27getEquipRandomMissionWithIdEj	MissionDataManager::getEquipRandomMissionWithId(unsigned int)
0x004024e9	0x004024e8	172	1	_ZN18MissionDataManager13addRewardBuffEP17RondomMissionData	MissionDataManager::addRewardBuff(RondomMissionData*)
0x003d574d	0x003d574c	16	1	_ZN11GameSceneUI7animEndEPN7cocos2d6CCNodeE	GameSceneUI::animEnd(cocos2d::CCNode*)
0x003d577d	0x003d577c	14	1	_ZN11GameSceneUI14logoutCallBackEPN7cocos2d8CCObjectE	GameSceneUI::logoutCallBack(cocos2d::CCObject*)
0x003d578b	0x003d578a	32	1	_ZN11GameSceneUI20setHandleStateChangeEf	GameSceneUI::setHandleStateChange(float)
0x003d5877	0x003d5876	50	1	_ZN11GameSceneUI18removeLoadingLayerEv	GameSceneUI::removeLoadingLayer()
0x003d58a9	0x003d58a8	120	1	_ZN11GameSceneUID2Ev	GameSceneUI::~GameSceneUI()
0x003d58a9	0x003d58a8	120	1	_ZN11GameSceneUID1Ev	GameSceneUI::~GameSceneUI()
0x003d5921	0x003d5920	8	1	_ZThn224_N11GameSceneUID1Ev	non-virtual thunk to GameSceneUI::~GameSceneUI()
0x003d5929	0x003d5928	8	1	_ZThn260_N11GameSceneUID1Ev	non-virtual thunk to GameSceneUI::~GameSceneUI()
0x003d5931	0x003d5930	18	1	_ZN11GameSceneUID0Ev	GameSceneUI::~GameSceneUI()
0x003d5943	0x003d5942	8	1	_ZThn224_N11GameSceneUID0Ev	non-virtual thunk to GameSceneUI::~GameSceneUI()
0x003d594b	0x003d594a	8	1	_ZThn260_N11GameSceneUID0Ev	non-virtual thunk to GameSceneUI::~GameSceneUI()
0x003d5c1d	0x003d5c1c	70	1	_ZN11GameSceneUI15settingCallbackEPN7cocos2d8CCObjectE	GameSceneUI::settingCallback(cocos2d::CCObject*)
0x003d5ea9	0x003d5ea8	64	1	_ZN11GameSceneUI10gmCallbackEPN7cocos2d8CCObjectE	GameSceneUI::gmCallback(cocos2d::CCObject*)
0x003d631d	0x003d631c	128	1	_ZN11GameSceneUIC2Ev	GameSceneUI::GameSceneUI()
0x003d631d	0x003d631c	128	1	_ZN11GameSceneUIC1Ev	GameSceneUI::GameSceneUI()
0x003d63d7	0x003d63d6	40	1	_ZN11GameSceneUI17hideSettingsLayerEv	GameSceneUI::hideSettingsLayer()
0x003d63ff	0x003d63fe	14	1	_ZN11GameSceneUI13callback_NULLEPN7cocos2d8CCObjectE	GameSceneUI::callback_NULL(cocos2d::CCObject*)
0x003d640d	0x003d640c	2	1	_ZN11GameSceneUI13storeCallbackEPN7cocos2d8CCObjectE	GameSceneUI::storeCallback(cocos2d::CCObject*)
0x003d640f	0x003d640e	46	1	_ZN11GameSceneUI13disconnetTeamEPN7cocos2d8CCObjectE	GameSceneUI::disconnetTeam(cocos2d::CCObject*)
0x003d6455	0x003d6454	2	1	_ZN11GameSceneUI11hideStageUIEv	GameSceneUI::hideStageUI()
0x003d6457	0x003d6456	2	1	_ZN11GameSceneUI11showStageUIEv	GameSceneUI::showStageUI()
0x003d649f	0x003d649e	26	1	_ZN11GameSceneUI13hideBossBloodEv	GameSceneUI::hideBossBlood()
0x003d653d	0x003d653c	26	1	_ZN11GameSceneUI16hideMonsterBloodEv	GameSceneUI::hideMonsterBlood()
0x003d6557	0x003d6556	80	1	_ZN11GameSceneUI16showMonsterBloodEv	GameSceneUI::showMonsterBlood()
0x003d65ff	0x003d65fe	20	1	_ZN11GameSceneUI15setMePlayerNameEPKc	GameSceneUI::setMePlayerName(char const*)
0x003d676d	0x003d676c	26	1	_ZN11GameSceneUI15hideFriendsPaneEv	GameSceneUI::hideFriendsPane()
0x003d67f9	0x003d67f8	18	1	_ZN11GameSceneUI19IsHiddenFriendsPaneEb	GameSceneUI::IsHiddenFriendsPane(bool)
0x003d680b	0x003d680a	38	1	_ZN11GameSceneUI11hideStoreUIEv	GameSceneUI::hideStoreUI()
0x003d6839	0x003d6838	2	1	_ZN11GameSceneUI17showMatchStateTipEPKc	GameSceneUI::showMatchStateTip(char const*)
0x003d68c7	0x003d68c6	28	1	_ZN11GameSceneUI20showMercenaryOverPanEv	GameSceneUI::showMercenaryOverPan()
0x003d69bf	0x003d69be	2	1	_ZN11GameSceneUI13showVideoPaneEv	GameSceneUI::showVideoPane()
0x003d69c1	0x003d69c0	8	1	_ZN11GameSceneUI15SetEnabledInputEb	GameSceneUI::SetEnabledInput(bool)
0x003d742f	0x003d742e	66	1	_ZN11GameSceneUI16removeVideoBlackEv	GameSceneUI::removeVideoBlack()
0x003d6d0f	0x003d6d0e	170	1	_ZN11GameSceneUI24UpdataGeneralStoreRedDotEv	GameSceneUI::UpdataGeneralStoreRedDot()
0x003d6db9	0x003d6db8	180	1	_ZN11GameSceneUI18UpdataKtplayRedDotEv	GameSceneUI::UpdataKtplayRedDot()
0x003d6eed	0x003d6eec	2	1	_ZN11GameSceneUI13setPlayerGoldEj	GameSceneUI::setPlayerGold(unsigned int)
0x003d6f7d	0x003d6f7c	46	1	_ZN11GameSceneUI14showGameSetKeyEv	GameSceneUI::showGameSetKey()
0x003d6fe5	0x003d6fe4	196	1	_ZN11GameSceneUI13showFunButtonEv	GameSceneUI::showFunButton()
0x003d70a9	0x003d70a8	26	1	_ZN11GameSceneUI13hideFunButtonEv	GameSceneUI::hideFunButton()
0x003d7223	0x003d7222	26	1	_ZN11GameSceneUI21GuideCarmeraMoveEndCBEv	GameSceneUI::GuideCarmeraMoveEndCB()
0x003d73b9	0x003d73b8	88	1	_ZN11GameSceneUI20stepHideLoadingLayerEv	GameSceneUI::stepHideLoadingLayer()
0x003d7411	0x003d7410	30	1	_ZN11GameSceneUI6updateEf	GameSceneUI::update(float)
0x003d7471	0x003d7470	26	1	_ZN11GameSceneUI14hideHeroInfoUIEv	GameSceneUI::hideHeroInfoUI()
0x003d7581	0x003d7580	76	1	_ZN11GameSceneUI16carmeraMoveEndCBEv	GameSceneUI::carmeraMoveEndCB()
0x003d75cd	0x003d75cc	172	1	_ZN11GameSceneUI21GuideCarmeraMoveMidCBEv	GameSceneUI::GuideCarmeraMoveMidCB()
0x003d7ab5	0x003d7ab4	26	1	_ZN11GameSceneUI21hideSinglePhysicalBuyEv	GameSceneUI::hideSinglePhysicalBuy()
0x003d7af5	0x003d7af4	46	1	_ZN11GameSceneUI14showUIMustCallEv	GameSceneUI::showUIMustCall()
0x003d7b25	0x003d7b24	60	1	_ZN11GameSceneUI15showDailyTaskUIEv	GameSceneUI::showDailyTaskUI()
0x003d7b61	0x003d7b60	52	1	_ZN11GameSceneUI17DailyTaskCallBackEPN7cocos2d8CCObjectE	GameSceneUI::DailyTaskCallBack(cocos2d::CCObject*)
0x003d7b95	0x003d7b94	78	1	_ZN11GameSceneUI17dialogEndCallBackEi	GameSceneUI::dialogEndCallBack(int)
0x003d7be3	0x003d7be2	8	1	_ZThn260_N11GameSceneUI17dialogEndCallBackEi	non-virtual thunk to GameSceneUI::dialogEndCallBack(int)
0x003d7c95	0x003d7c94	72	1	_ZN11GameSceneUI11showDailyUIEv	GameSceneUI::showDailyUI()
0x003d7cdd	0x003d7cdc	4	1	_ZN11GameSceneUI13dailyCallbackEPN7cocos2d8CCObjectE	GameSceneUI::dailyCallback(cocos2d::CCObject*)
0x003d7d1d	0x003d7d1c	100	1	_ZN11GameSceneUI13showAchieveUIEv	GameSceneUI::showAchieveUI()
0x003d7d81	0x003d7d80	120	1	_ZN11GameSceneUI11achCallbackEPN7cocos2d8CCObjectE	GameSceneUI::achCallback(cocos2d::CCObject*)
0x003d7df9	0x003d7df8	84	1	_ZN11GameSceneUI17showTalnetSkillUIEv	GameSceneUI::showTalnetSkillUI()
0x003d7e4d	0x003d7e4c	4	1	_ZN11GameSceneUI13skillCallbackEPN7cocos2d8CCObjectE	GameSceneUI::skillCallback(cocos2d::CCObject*)
0x003d80b9	0x003d80b8	56	1	_ZN11GameSceneUI11showSocietyEv	GameSceneUI::showSociety()
0x003d80f1	0x003d80f0	4	1	_ZN11GameSceneUI19SocietyItemCallbackEPN7cocos2d8CCObjectE	GameSceneUI::SocietyItemCallback(cocos2d::CCObject*)
0x003d80f5	0x003d80f4	84	1	_ZN11GameSceneUI21showPetWareHouseWorldEv	GameSceneUI::showPetWareHouseWorld()
0x003d8149	0x003d8148	4	1	_ZN11GameSceneUI25PetWareHouseWorldCallbackEPN7cocos2d8CCObjectE	GameSceneUI::PetWareHouseWorldCallback(cocos2d::CCObject*)
0x003d814d	0x003d814c	56	1	_ZN11GameSceneUI9showPvpUIEv	GameSceneUI::showPvpUI()
0x003d8185	0x003d8184	4	1	_ZN11GameSceneUI13PvpUICallBackEPN7cocos2d8CCObjectE	GameSceneUI::PvpUICallBack(cocos2d::CCObject*)
0x003d81bf	0x003d81be	4	1	_ZN11GameSceneUI17MercenaUICallBackEPN7cocos2d8CCObjectE	GameSceneUI::MercenaUICallBack(cocos2d::CCObject*)
0x003d81c3	0x003d81c2	178	1	_ZN11GameSceneUI14hideUIMustCallEv	GameSceneUI::hideUIMustCall()
0x003d8299	0x003d8298	48	1	_ZN11GameSceneUI13hideStorePaneEv	GameSceneUI::hideStorePane()
0x003d82c9	0x003d82c8	38	1	_ZN11GameSceneUI25hideDecomposeCompoundPaneEv	GameSceneUI::hideDecomposeCompoundPane()
0x003d8429	0x003d8428	44	1	_ZN11GameSceneUI17hideTalnetSkillUIEv	GameSceneUI::hideTalnetSkillUI()
0x003d8455	0x003d8454	24	1	_ZN11GameSceneUI7hidePubEv	GameSceneUI::hidePub()
0x003d846d	0x003d846c	52	1	_ZN11GameSceneUI17hideWarehousePaneEv	GameSceneUI::hideWarehousePane()
0x003d8569	0x003d8568	34	1	_ZN11GameSceneUI12hideChestsUIEv	GameSceneUI::hideChestsUI()
0x003d858b	0x003d858a	36	1	_ZN11GameSceneUI20hideForgeLevelUpPaneEv	GameSceneUI::hideForgeLevelUpPane()
0x003d85af	0x003d85ae	36	1	_ZN11GameSceneUI18hideGemLevelUpPaneEv	GameSceneUI::hideGemLevelUpPane()
0x003d85d3	0x003d85d2	34	1	_ZN11GameSceneUI21hideMatWarehouseWorldEv	GameSceneUI::hideMatWarehouseWorld()
0x003d85f5	0x003d85f4	34	1	_ZN11GameSceneUI11hideSocietyEv	GameSceneUI::hideSociety()
0x003d8617	0x003d8616	34	1	_ZN11GameSceneUI21hidePetWareHouseWorldEv	GameSceneUI::hidePetWareHouseWorld()
0x003d8639	0x003d8638	34	1	_ZN11GameSceneUI9hidePvpUIEv	GameSceneUI::hidePvpUI()
0x003d865b	0x003d865a	34	1	_ZN11GameSceneUI13hideMercenaUIEv	GameSceneUI::hideMercenaUI()
0x003d86af	0x003d86ae	28	1	_ZN11GameSceneUI17removeShieldLayerEv	GameSceneUI::removeShieldLayer()
0x003d8a1b	0x003d8a1a	8	1	_ZN11GameSceneUI13playVideoDoneEv	GameSceneUI::playVideoDone()
0x003d8a9f	0x003d8a9e	60	1	_ZN11GameSceneUI17createShieldLayerEN7cocos2d10_ccColor4BE	GameSceneUI::createShieldLayer(cocos2d::_ccColor4B)
0x003d8fa9	0x003d8fa8	1592	1	_ZN11GameSceneUI15initGameSceneUIEv	GameSceneUI::initGameSceneUI()
0x003d961f	0x003d961e	34	1	_ZN11GameSceneUI6createEv	GameSceneUI::create()
0x003d967b	0x003d967a	54	1	_ZN11GameSceneUI10updataHeadE12SaveDataHeroi	GameSceneUI::updataHead(SaveDataHero, int)
0x003d97c1	0x003d97c0	226	1	_ZN11GameSceneUI17OL_EMShowOverPaneEb	GameSceneUI::OL_EMShowOverPane(bool)
0x003d98a3	0x003d98a2	226	1	_ZN11GameSceneUI17OL_RMShowOverPaneEb	GameSceneUI::OL_RMShowOverPane(bool)
0x003d9985	0x003d9984	184	1	_ZN11GameSceneUI14showHeroInfoUIEv	GameSceneUI::showHeroInfoUI()
0x003d9a3d	0x003d9a3c	4	1	_ZN11GameSceneUI18playerInfoCallbackEPN7cocos2d8CCObjectE	GameSceneUI::playerInfoCallback(cocos2d::CCObject*)
0x003d9b39	0x003d9b38	4	1	_ZN11GameSceneUI13EamilCallbackEPN7cocos2d8CCObjectE	GameSceneUI::EamilCallback(cocos2d::CCObject*)
0x003f34fd	0x003f34fc	620	1	_ZN7LevelUI17loadGameSceneDataEP10GameLevels	LevelUI::loadGameSceneData(GameLevels*)
0x004027d5	0x004027d4	66	1	_ZN18MissionDataManager17openMissionWithIdEj	MissionDataManager::openMissionWithId(unsigned int)
0x0040208d	0x0040208c	52	1	_ZN18MissionDataManagerD2Ev	MissionDataManager::~MissionDataManager()
0x0040208d	0x0040208c	52	1	_ZN18MissionDataManagerD1Ev	MissionDataManager::~MissionDataManager()
0x004020c1	0x004020c0	18	1	_ZN18MissionDataManagerD0Ev	MissionDataManager::~MissionDataManager()
0x004021f5	0x004021f4	552	1	_ZN18MissionDataManager4initEv	MissionDataManager::init()
0x0040241d	0x0040241c	28	1	_ZN18MissionDataManagerC2Ev	MissionDataManager::MissionDataManager()
0x00402481	0x00402480	104	1	_ZN18MissionDataManager27addIntelligenceWithPlayerLvEj	MissionDataManager::addIntelligenceWithPlayerLv(unsigned int)
0x00402595	0x00402594	56	1	_ZN18MissionDataManager22removeRewardBuffWithIdEj	MissionDataManager::removeRewardBuffWithId(unsigned int)
0x0040263f	0x0040263e	2	1	_ZN18MissionDataManager26getRandomMissionDataWithIdEj	MissionDataManager::getRandomMissionDataWithId(unsigned int)
0x00402685	0x00402684	124	1	_ZN18MissionDataManager17mappingEndlessNumEjj	MissionDataManager::mappingEndlessNum(unsigned int, unsigned int)
0x0041e5b9	0x0041e5b8	1196	1	_ZN15PvpReadyUIScene17loadGameSceneDataEP10GameLevels	PvpReadyUIScene::loadGameSceneData(GameLevels*)
